Abyssomicin.FASTA,type 1 polyketide,Median,0.064516129032258
Acidobactin_Cluster.fasta,nonribosomal peptide|type 1 polyketide,Median,0.304298642533937
Actiphenol.fasta,type 1 polyketide,Median,0.266666666666667
Aeruginosin102.FASTA,nonribosomal peptide,Median,0.507246376811594
Aeruginosin686.FASTA,nonribosomal peptide,Median,0.446047241349255
BGC0000362.fasta,nonribosomal peptide,Median,0.315944395913252
BGC0001131_Ambactin.fasta,nonribosomal peptide,Median,0.380952380952381
BGC0001215_conglobatin.fasta,nonribosomal peptide|type 1 polyketide,Median,0.089381720430108
BGC0001327_Rakicidin_B.fasta,nonribosomal peptide|type 1 polyketide,Median,0.1875
BGC0001328_Rakicidin_B.fasta,nonribosomal peptide|type 1 polyketide,Median,0.137637678776919
BGC0001329_Rakicidin_D.fasta,nonribosomal peptide|type 1 polyketide,Median,0.112483870967742
BGC0001330_BE_43547C1.fasta,nonribosomal peptide|type 1 polyketide,Median,0.177777777777778
BGC0001331_BE_43547A1.fasta,nonribosomal peptide|type 1 polyketide,Median,0.181159420289855
BGC0001332_microtermolide_A.fasta,nonribosomal peptide|type 1 polyketide,Median,0.121739130434783
BGC0001341_valinomycin.fasta,nonribosomal peptide,Median,0.064102564102564
BGC0001417_myxochromide_D.fasta.txt,nonribosomal peptide|type 1 polyketide,Median,0.24339695392327
BGC0001418_myxochromide_D.fasta,nonribosomal peptide|type 1 polyketide,Median,0.21617653701947
BGC0001421_myxochromide_B2.fasta,nonribosomal peptide|type 1 polyketide,Median,0.297829767585039
BGC0001422_Myxochromide_A.fasta.txt,nonribosomal peptide|type 1 polyketide,Median,0.283808479532164
BGC0001423_myxochromide_C.fasta.txt,nonribosomal peptide|type 1 polyketide,Median,0.30687898089172
BGC0001424_myxochromide_C.fasta,nonribosomal peptide|type 1 polyketide,Median,0.292241603749024
BGC0001425_Myxochromide_A.fasta,nonribosomal peptide|type 1 polyketide,Median,0.283808479532164
BGC0001429_myxochromide_S.fasta,nonribosomal peptide|type 1 polyketide,Median,0.232704402515723
BGC0001432_myxochromide_D.fasta,nonribosomal peptide|type 1 polyketide,Median,0.21617653701947
BGC0001434_nematophin.fasta,nonribosomal peptide,Median,0.179775280898876
BGC0001438_Warkmycin_CS2.fasta,type 2 polyketide,Median,0.235517043592265
BGC0001439_antibiotic_A2121_1.fasta,type 2 polyketide,Median,0.21569570339737
BGC0001448_Malacidin_B.fasta,nonribosomal peptide,Median,0.15055349062702
BGC0001452_Sipanmycin.fasta,nonribosomal peptide|type 1 polyketide,Median,0.195238095238095
BGC0001458_salinipostin.fasta,butyrolactone,Median,0.166666666666667
BGC0001459_decaplanin.fasta,nonribosomal peptide,Median,0.50187265917603
BGC0001460_decaplanin.fasta,nonribosomal peptide,Median,0.506577266922094
BGC0001462_avoparcin.fasta,nonribosomal peptide,Median,0.517110266159696
BGC0001467_Hapalosin.fasta,nonribosomal peptide|type 1 polyketide,Median,0.456093023255814
BGC0001468_Bicyclomycin.fasta,cyclodipeptide,Median,0.141025641025641
BGC0001469_marthiapeptide_A.fasta,nonribosomal peptide,Median,0.167883211678832
BGC0001470_macrobrevin.fasta,type 1 polyketide,Median,0.228395061728395
BGC0001471_saalfelduracin.fasta,RiPP,Median,0.390113781493092
BGC0001473_Sch_18640.fasta,RiPP,Median,0.268874643874644
BGC0001474_thiopeptin.fasta,RiPP,Median,0.396747752511898
BGC0001477_lydicamycin.fasta,nonribosomal peptide|type 1 polyketide,Median,0.150234741784038
BGC0001479_nostamide_A.fasta,nonribosomal peptide,Median,0.251984126984127
BGC0001491_67_121C.fasta,nonribosomal peptide|type 1 polyketide,Median,0.205003833716705
BGC0001492_abyssomicins_M_X.fasta,type 1 polyketide,Median,0.133333333333333
BGC0001493_achromosin.fasta,RiPP,Median,1
BGC0001494_acinetodin.fasta,RiPP,Median,1
BGC0001495_actinoallolide_A.fasta,type 1 polyketide,Median,0.331256109481916
BGC0001496_actinokineosin.fasta,RiPP,Median,1
BGC0001500_allocyclinone.fasta,type 2 polyketide,Median,0.21259842519685
BGC0001502_amonabactin.fasta,nonribosomal peptide,Median,0.37037037037037
BGC0001503_amycolamycin_B.fasta,nonribosomal peptide|type 1 polyketide,Median,0.1720010408535
BGC0001504_amycomicin.fasta,nonribosomal peptide|type 1 polyketide,Median,0.173913043478261
BGC0001505_anacyclamide_D8P.fasta,RiPP,Median,0.207729468599034
BGC0001509_anikasin.fasta,nonribosomal peptide,Median,0.56953642384106
BGC0001511_ansamitocin_P_3.fasta,nonribosomal peptide|type 1 polyketide,Median,0.105558813543628
BGC0001512_anthrabenzoxocinone.fasta,type 2 polyketide,Median,0.110236220472441
BGC0001513_anthrabenzoxocinone.fasta,type 2 polyketide,Median,0.129032258064516
BGC0001519_aurantimycin.fasta,nonribosomal peptide|type 1 polyketide,Median,0.120093019286568
BGC0001520_aurantinins_B_D.fasta,type 1 polyketide,Median,0.137362637362637
BGC0001522_auroramycin.fasta,aminoglycoside|nonribosomal peptide|type 1 polyketide,Median,0.142857142857143
BGC0001524_barnesin_A.fasta,nonribosomal peptide,Median,0.25
BGC0001525_bartoloside_3.fasta,resorcinol,Median,0.09812675070028
BGC0001526_bartolosides_K.fasta,resorcinol,Median,0.076190476190476
BGC0001530_bicyclomycin.fasta,cyclodipeptide,Median,0.141025641025641
BGC0001536_brevicidine.fasta,nonribosomal peptide,Median,0.38423645320197
BGC0001537_butyrolactol_A.fasta,type 1 polyketide,Median,0.160865617433414
BGC0001539_cattlecin.fasta,RiPP,Median,1
BGC0001549_citrulassin_B.fasta,RiPP,Median,0.965909090909091
BGC0001550_citrulassin_D.fasta,RiPP,Median,0.959183673469388
BGC0001552_citrulassin_F.fasta,RiPP,Median,0.960526315789474
BGC0001555_colicin_V.fasta,bacteriocin|NRPS-independent siderophore,Median,0.749350631826799
BGC0001558_cosmomycin_C.fasta,type 2 polyketide,Median,0.304982636267553
BGC0001560_cryptomaldamide.fasta,nonribosomal peptide|type 1 polyketide,Median,0.238484646194927
BGC0001561_curacomycin.fasta,nonribosomal peptide,Median,0.16030534351145
BGC0001562_curacomycin.fasta,nonribosomal peptide,Median,0.109375
BGC0001564_cusperin.fasta,nonribosomal peptide|type 1 polyketide,Median,0.253521126760563
BGC0001567_cysteoamide.fasta,nonribosomal peptide,Median,0.227234042553191
BGC0001569_dechlorocuracomycin.fasta,nonribosomal peptide,Median,0.420474137931034
BGC0001570_deimino_antipain.fasta,nonribosomal peptide,Median,0.232758620689655
BGC0001574_diisonitrile_antibiotic_SF2768.fasta,nonribosomal peptide,Median,0.095665634674923
BGC0001575_dipeptide_aldehydes.fasta,nonribosomal peptide,Median,0.336038961038961
BGC0001579_duramycin.fasta,RiPP,Median,0.714946465123603
BGC0001580_ebelactone.fasta,type 1 polyketide,Median,0.290697674418605
BGC0001581_ECO_02301.fasta,nonribosomal peptide|type 1 polyketide,Median,0.380380036630037
BGC0001582_ecumicin.fasta,RiPP|nonribosomal peptide,Median,0.251390744865132
BGC0001590_formicamycins_A_M.fasta,type 2 polyketide,Median,0.155038759689922
BGC0001592_ferroverdin.fasta,melanin,Median,0.107692307692308
BGC0001596_fluostatins_M.fasta,type 2 polyketide,Median,0.193877551020408
BGC0001598_foxicins_A.fasta,nonribosomal peptide|type 1 polyketide,Median,0.088607594936709
BGC0001599_fragin.fasta,nonribosomal peptide,Median,0.132530120481928
BGC0001608_glidopeptin.fasta,nonribosomal peptide,Median,0.272486772486772
BGC0001611_guangnanmycin.fasta,nonribosomal peptide|type 1 polyketide,Median,0.082089552238806
BGC0001614_hassallidin_E.fasta,nonribosomal peptide,Median,0.363667582417582
BGC0001615_hexose_shinorine.fasta,nonribosomal peptide,Median,0.160714285714286
BGC0001619_ibomycin.fasta,type 1 polyketide,Median,0.24203821656051
BGC0001620_ilamycins.fasta,nonribosomal peptide|type 1 polyketide,Median,0.207230118914902
BGC0001622_isotropolone_C.fasta,type 2 polyketide,Median,0.131386861313869
BGC0001623_ishigamide.fasta,nonribosomal peptide,Median,0.08835917611664
BGC0001625_isofuranonaphthoquinone.fasta,type 2 polyketide,Median,0.125
BGC0001627_isonitrile_lipopeptides.fasta,nonribosomal peptide,Median,0.106086956521739
BGC0001628_JBIR_95.fasta,nonribosomal peptide,Median,0.252658300603506
BGC0001629_jessenipeptin.fasta,nonribosomal peptide|nonribosomal peptide|homoserine lactone|nonribosomal peptide,Median,0.246511627906977
BGC0001630_kasumigamide.fasta,nonribosomal peptide|type 1 polyketide,Median,0.471830985915493
BGC0001631_kasumigamide.fasta,nonribosomal peptide|type 1 polyketide,Median,0.401273885350318
BGC0001634_keywimysin.fasta,RiPP,Median,1
BGC0001635_kistamicin_A.fasta,nonribosomal peptide,Median,0.325080757350687
BGC0001636_KK_1.fasta,nonribosomal peptide,Median,0.113095238095238
BGC0001641_kolossin.fasta,nonribosomal peptide,Median,0.346613190730838
BGC0001643_lactomycins_A_C.fasta,type 1 polyketide,Median,0.176021553659632
BGC0001644_lacunalides.fasta,type 1 polyketide,Median,0.20103740574639
BGC0001646_lagriamide.fasta,nonribosomal peptide|type 1 polyketide,Median,0.112470109995218
BGC0001647_lagunapyrone_C.fasta,nonribosomal peptide|type 1 polyketide,Median,0.068627450980392
BGC0001648_lasalocid.fasta,type 1 polyketide,Median,0.126666666666667
BGC0001650_Le_pyrrolopyrazines.fasta,nonribosomal peptide,Median,0.086617662391826
BGC0001653_linfuranone_C.fasta,type 1 polyketide,Median,0.303190753045404
BGC0001655_LP2006.fasta,RiPP,Median,0.903225806451613
BGC0001657_lysocin.fasta,nonribosomal peptide,Median,0.445962732919255
BGC0001658_macrotermycins.fasta,nonribosomal peptide|type 1 polyketide,Median,0.241866527632951
BGC0001661_mayamycin_B.fasta,type 2 polyketide,Median,0.301652892561983
BGC0001662_mediomycin_A.fasta,type 1 polyketide,Median,0.130434782608696
BGC0001663_merocyclophane_D.fasta,nonribosomal peptide|type 1 polyketide,Median,0.113734679163663
BGC0001665_methylated_acyl_phloroglucinol.fasta,type 1 polyketide,Median,0.171266233766234
BGC0001666_microansamycins.fasta,nonribosomal peptide|type 1 polyketide,Median,0.089470443349754
BGC0001669_microvionin.fasta,RiPP,Median,0.225299962504687
BGC0001673_moomysin.fasta,RiPP,Median,1
BGC0001674_MS_271.fasta,RiPP,Median,0.794520547945205
BGC0001675_murayaquinone.fasta,type 2 polyketide,Median,0.22140522875817
BGC0001686_N_octanoyl_Met_Phe_H.fasta,nonribosomal peptide,Median,0.467391304347826
BGC0001690_natamycin.fasta,nonribosomal peptide|type 1 polyketide,Median,0.205240174672489
BGC0001692_nematophin.fasta,nonribosomal peptide,Median,0.163888888888889
BGC0001696_neothioviridamide.fasta,RiPP,Median,0.298578199052133
BGC0001698_nevaltophins.fasta,nonribosomal peptide,Median,0.181818181818182
BGC0001700_niphimycins_C_E.fasta,type 1 polyketide,Median,0.189377453490357
BGC0001703_nocuolin_A.fasta,nonribosomal peptide|type 1 polyketide,Median,0.136986301369863
BGC0001704_nocuolin_A.fasta,nonribosomal peptide|type 1 polyketide,Median,0.136986301369863
BGC0001707_nosiheptide.fasta,RiPP,Median,0.334057971014493
BGC0001711_occidiofungin.fasta,nonribosomal peptide|type 1 polyketide,Median,0.214285714285714
BGC0001714_octacosamicin.fasta,type 1 polyketide,Median,0.20952380952381
BGC0001716_odilorhabdins.fasta,nonribosomal peptide,Median,0.321428571428571
BGC0001721_ornibactin.fasta,nonribosomal peptide,Median,0.190140845070423
BGC0001726_pactamides.fasta,nonribosomal peptide|type 1 polyketide,Median,0.04424778761062
BGC0001727_paenilan.fasta,RiPP,Median,0.480952188986536
BGC0001728_paenilipoheptin.fasta,nonribosomal peptide|type 1 polyketide,Median,0.329566563467492
BGC0001730_paramagnetoquinone.fasta,type 2 polyketide,Median,0.111067193675889
BGC0001737_phenalamide.fasta,nonribosomal peptide|type 1 polyketide,Median,0.169491525423729
BGC0001739_phosphonoacetic_Acid.fasta,phosphonate,Median,0.318181818181818
BGC0001742_piericidin_A1.fasta,type 1 polyketide,Median,0.180952380952381
BGC0001750_pyrronazol_B.fasta,nonribosomal peptide|type 1 polyketide,Median,0.064814814814815
BGC0001751_pyxipyrrolone_B.fasta,nonribosomal peptide|type 1 polyketide,Median,0.108863688960889
BGC0001752_qinichelins.fasta,nonribosomal peptide,Median,0.357663584637269
BGC0001753_globimycin.fasta,RiPP,Median,0.212121212121212
BGC0001755_reedsmycins.fasta,nonribosomal peptide|type 1 polyketide,Median,0.318478678447945
BGC0001758_rhizomide_C.fasta,nonribosomal peptide,Median,0.355217650566488
BGC0001759_rifamorpholines.fasta,nonribosomal peptide|type 1 polyketide,Median,0.153207277694983
BGC0001760_rimosamide.fasta,nonribosomal peptide,Median,0.180327868852459
BGC0001761_ripostatin_B.fasta,type 1 polyketide,Median,0.112903225806452
BGC0001762_rubrolone_A.fasta,type 2 polyketide,Median,0.142857142857143
BGC0001763_rufomycin.fasta,nonribosomal peptide|type 1 polyketide,Median,0.207230118914902
BGC0001764_s56_p1.fasta,nonribosomal peptide,Median,0.1875
BGC0001767_salinichelins.fasta,nonribosomal peptide,Median,0.28740157480315
BGC0001769_saquayamycin.fasta,type 2 polyketide,Median,0.337474120082816
BGC0001771_scleric_acid.fasta,butyrolactone|nonribosomal peptide,Median,0.160493827160494
BGC0001773_selvamicin.fasta,type 1 polyketide,Median,0.260745772510478
BGC0001778_showdomycin.fasta,nucleoside,Median,0.238095238095238
BGC0001779_siamycin.fasta,RiPP,Median,0.794520547945205
BGC0001780_siphonazole.fasta,nonribosomal peptide|type 1 polyketide,Median,0.091580414012739
BGC0001781_sphaericin.fasta,RiPP,Median,1
BGC0001782_lynamicins.fasta,bisindole,Median,0.421518987341772
BGC0001786_subterisin.fasta,RiPP,Median,0.873831775700935
BGC0001788_suicin_65.fasta,RiPP,Median,0.681514842311436
BGC0001789_suicin_90_1330.fasta,RiPP,Median,0.167837067469227
BGC0001791_sunshinamide.fasta,nonribosomal peptide,Median,0.423761678124449
BGC0001792_surugamide_D.fasta,nonribosomal peptide,Median,0.28048712206047
BGC0001798_tetrapetalone_C.fasta,nonribosomal peptide|type 1 polyketide,Median,0.145392509521794
BGC0001800_theonellamide.fasta,nonribosomal peptide|type 1 polyketide,Median,0.216326530612245
BGC0001801_isopyochelin.fasta,nonribosomal peptide,Median,0.224489795918367
BGC0001802_thioholgamide_A.fasta,RiPP,Median,0.324335748792271
BGC0001806_tolaasin.fasta,nonribosomal peptide,Median,0.42436974789916
BGC0001812_tylactone.fasta,type 1 polyketide,Median,0.131782945736434
BGC0001813_tyrobetaine.fasta,nonribosomal peptide|type 1 polyketide,Median,0.271739130434783
BGC0001814_ulleungmycin.fasta,nonribosomal peptide,Median,0.410095145944203
BGC0001819_venemycin.fasta,nonribosomal peptide|type 1 polyketide,Median,0.15
BGC0001822_vioprolide.fasta,nonribosomal peptide|type 1 polyketide,Median,0.275918793131119
BGC0001823_weishanmycin.fasta,nonribosomal peptide|type 1 polyketide,Median,0.140469798657718
BGC0001824_xefoampeptides_A_G.fasta,nonribosomal peptide,Median,0.111111111111111
BGC0001825_xenematides.fasta,nonribosomal peptide,Median,0.235294117647059
BGC0001826_xeneprotides_A_C.fasta,nonribosomal peptide,Median,0.128571428571429
BGC0001828_zincophorin.fasta,type 1 polyketide,Median,0.183823529411765
BGC0001829_alpha_beta_epoxyketone.fasta,nonribosomal peptide|type 1 polyketide,Median,0.087942094313454
Bogorol.fasta,nonribosomal peptide,Median,0.474025974025974
Bongkrekic_acid.fasta,type 1 polyketide,Median,0.292803970223325
Brevibacillin.fasta,nonribosomal peptide,Median,0.300680628272251
Cahuitamycin_A.fasta,nonribosomal peptide,Median,0.233918128654971
Celesticetin.gbk,lincoside,Median,0.361682808716707
Cephamycin_C.gbk,beta-lactam|nonribosomal peptide,Median,0.608695652173913
Crocapeptin.FASTA,nonribosomal peptide,Median,0.553956834532374
Cyanopeptolin1138.FASTA,nonribosomal peptide|type 1 polyketide,Median,0.300630134800989
Cyanosporaside_A.fasta,type 1 polyketide,Median,0.099181102362205
Cytorhodin_Y.fasta,type 2 polyketide,Median,0.287234042553192
Depsidomycin.fasta,butyrolactone|nonribosomal peptide,Median,0.146929264555669
ECO-0501.FASTA,nonribosomal peptide|type 1 polyketide,Median,0.363128491620112
Fosfomycin_Pseudomonas.FASTA,phosphonate,Median,0.222222222222222
Lincomycin.gbk,lincoside,Median,0.442857142857143
LinearmycinA.fasta,nonribosomal peptide|type 1 polyketide,Median,0.18821161587119
McCYps.FASTA,RiPP,Median,0.364854046945135
Micromonolactam.FASTA,nonribosomal peptide|type 1 polyketide,Median,0.248968312453943
Mirilactam.FASTA,nonribosomal peptide|type 1 polyketide,Median,0.181818181818182
Neoantimycin_A.fasta,nonribosomal peptide|type 1 polyketide,Median,0.282045088566828
Obafluorin.fasta,homoserine lactone|nonribosomal peptide,Median,0.267441860465116
Octacosamicin.fasta,nonribosomal peptide|type 1 polyketide,Median,0.135275900900901
Pikromycin.fasta,type 1 polyketide,Median,0.182653846153846
Pimaricin.fasta,nonribosomal peptide|type 1 polyketide,Median,0.182395133785732
Potensimicin.fasta,nonribosomal peptide|type 1 polyketide,Median,0.362977602108037
Pseudospumigin_A.fasta,nonribosomal peptide,Median,0.490909090909091
Rapamycin.fasta,nonribosomal peptide|type 1 polyketide,Median,0.235436893203884
Rhabduscin.fasta,isonitrile alkaloid,Median,0.402387824717922
SIA7248.fasta,type 1 polyketide,Median,0.217741935483871
Sceliphrolactam.fasta,nonribosomal peptide|type 1 polyketide,Median,0.173228346456693
Scytophycin_C.fasta,type 1 polyketide,Median,0.241758241758242
Spinosad.fasta,type 1 polyketide,Median,0.247980238302819
Streptazone_E.gbk,type 1 polyketide,Median,0.134615384615385
Streptopeptolin.fasta,nonribosomal peptide,Median,0.381720430107527
Tauramamide.fasta,nonribosomal peptide,Median,0.229885057471264
Thanamycin.fasta,nonribosomal peptide,Median,0.295652173913043
Totopotensamide_A.fasta,nonribosomal peptide|type 1 polyketide,Median,0.258333333333333
actinonin_BGC0001442.fasta,nonribosomal peptide,Median,0.060975609756098
ambiguine.fasta,isonitrile alkaloid,Median,1
anabaenopeptilide.FASTA,nonribosomal peptide,Median,0.505263157894737
azalomycin_F.fasta,type 1 polyketide,Median,0.217396377893951
cervimycin.fasta,type 2 polyketide,Median,0.215633423180593
clifednamide.fasta,nonribosomal peptide|type 1 polyketide,Median,0.06140350877193
dkxanthene.fasta,nonribosomal peptide|type 1 polyketide,Median,0.158650179758144
ficellomycin.fasta,nonribosomal peptide,Median,0.53968253968254
herbicolin_I.fasta,antimetabolite,Median,0.401427962489344
ikarugamycin.fasta,RiPP|nonribosomal peptide|type 1 polyketide,Median,0.111570101411247
lavendiol.fasta,type 1 polyketide,Median,0.169491525423729
limazepine.fasta,other,Median,0.192201694396244
lupinacidin_A.fasta,type 2 polyketide,Median,0.295454545454545
matlystatins_BGC0001443.fasta,nonribosomal peptide|type 1 polyketide,Median,0.094827586206897
neoabyssomincin_abyssomicin.fasta,type 1 polyketide,Median,0.071428571428571
nocamycin.fasta,nonribosomal peptide|type 1 polyketide,Median,0.324561403508772
nostocyclopeptide.FASTA,nonribosomal peptide,Median,0.399086378737541
nunapeptin_nunamycin_BGC0001416.fasta.txt,nonribosomal peptide,Median,0.506049272298561
octapeptin_from_b_circulan_ATCC31805.fasta,nonribosomal peptide,Median,0.263888888888889
platinum_9-methylstreptimidone.fasta,type 1 polyketide,Median,0.507936507936508
platinum_A-102395.fasta,nucleoside|nonribosomal peptide,Median,0.355373406193078
platinum_A-500359.fasta,nucleoside|nonribosomal peptide,Median,0.612903225806452
platinum_A-503083.fasta,nucleoside|nonribosomal peptide,Median,0.567164179104478
platinum_A-74528.fasta,type 2 polyketide,Median,0.149350649350649
platinum_A-90289.fasta,nucleoside,Median,0.556132744328098
platinum_A40926.fasta,nonribosomal peptide,Median,0.312497608387862
platinum_A47934.fasta,nonribosomal peptide,Median,0.504975247524752
platinum_A54145.fasta,nonribosomal peptide,Median,0.55447512624906
platinum_AIP1.fasta,RiPP,Median,0.855072463768116
platinum_AIP2.fasta,RiPP|NRPS-independent siderophore,Median,0.821428571428571
platinum_AIP3.fasta,NRPS-independent siderophore|RiPP,Median,0.744186046511628
platinum_AIP4.fasta,RiPP,Median,0.876923076923077
platinum_AmfS.fasta,RiPP,Median,0.639484978540773
platinum_Amicetin.fasta,nucleoside,Median,0.498606123606124
platinum_Ansamitocin.fasta,nonribosomal peptide|type 1 polyketide,Median,0.111111111111111
platinum_Argimycin_P.fasta,nonribosomal peptide|type 1 polyketide,Median,0.053191489361702
platinum_Argolaphos.fasta,phosphonate,Median,0.763888888888889
platinum_B-Ny266.fasta,RiPP,Median,0.620322826639553
platinum_BE-14106.fasta,type 1 polyketide,Median,0.18724593495935
platinum_BE-54017.fasta,bisindole,Median,0.544572368421053
platinum_BE-7585A.fasta,type 2 polyketide,Median,0.233239425118406
platinum_BGC0000041.fasta,type 1 polyketide,Median,0.133333333333333
platinum_BGC0000043.fasta,type 1 polyketide,Median,0.05
platinum_BGC0000044.fasta,type 1 polyketide,Median,0.086206896551724
platinum_BGC0000047.fasta,type 1 polyketide,Median,0.2
platinum_BGC0000049.E-492_E-795_Streptomyces_Eco86.fasta,type 1 polyketide,Median,0.342857142857143
platinum_BGC0000050.fasta,type 1 polyketide,Median,0.247008547008547
platinum_BGC0000051.fasta,type 1 polyketide,Median,0.231884057971014
platinum_BGC0000053.fasta,type 1 polyketide,Median,0.381578947368421
platinum_BGC0000054.fasta,type 1 polyketide,Median,0.242813980075127
platinum_BGC0000056.fasta,type 1 polyketide,Median,0.021857923497268
platinum_BGC0000067.fasta,nonribosomal peptide|type 1 polyketide,Median,0.194805194805195
platinum_BGC0000068.fasta,type 1 polyketide,Median,0.080808080808081
platinum_BGC0000073.fasta,type 1 polyketide,Median,0.340659340659341
platinum_BGC0000087.fasta,type 1 polyketide,Median,0.256837907576824
platinum_BGC0000091.fasta,nonribosomal peptide|type 1 polyketide,Median,0.089285714285714
platinum_BGC0000116.fasta,type 1 polyketide,Median,0.223133155701305
platinum_BGC0000118.fasta,type 1 polyketide,Median,0.069306930693069
platinum_BGC0000119.fasta,type 1 polyketide,Median,0.069306930693069
platinum_BGC0000125.fasta,nonribosomal peptide|type 1 polyketide,Median,0.182395133785732
platinum_BGC0000128.fasta,nonribosomal peptide|type 1 polyketide,Median,0.140625
platinum_BGC0000132.fasta,type 1 polyketide,Median,0.033333333333333
platinum_BGC0000137.fasta,nonribosomal peptide|type 1 polyketide,Median,0.23121387283237
platinum_BGC0000143.fasta,type 1 polyketide,Median,0.11304347826087
platinum_BGC0000144.fasta,nonribosomal peptide|type 1 polyketide,Median,0.18848167539267
platinum_BGC0000150.fasta,type 1 polyketide|nonribosomal peptide,Median,0.056563823351482
platinum_BGC0000158.fasta,type 1 polyketide,Median,0.183333333333333
platinum_BGC0000182.fasta,homoserine lactone|type 1 polyketide,Median,0.131670131670132
platinum_BGC0000191.fasta,type 2 polyketide,Median,0.466829196217494
platinum_BGC0000194.fasta,type 2 polyketide,Median,0.216494845360825
platinum_BGC0000198.fasta,type 2 polyketide,Median,0.148936170212766
platinum_BGC0000199.fasta,type 2 polyketide,Median,0.282572764653713
platinum_BGC0000200.fasta,type 2 polyketide,Median,0.181818181818182
platinum_BGC0000206_merged.fasta,type 2 polyketide,Median,0.193333333333333
platinum_BGC0000212.fasta,type 2 polyketide,Median,0.274725274725275
platinum_BGC0000213.fasta,other|nonribosomal peptide,Median,0.193548387096774
platinum_BGC0000215.fasta,type 2 polyketide,Median,0.080188679245283
platinum_BGC0000233.fasta,type 1 polyketide|type 2 polyketide,Median,0.195591450085013
platinum_BGC0000235.fasta,type 2 polyketide,Median,0.148148148148148
platinum_BGC0000237.fasta,type 2 polyketide,Median,0.213118279569892
platinum_BGC0000241.fasta,type 2 polyketide,Median,0.215568862275449
platinum_BGC0000247.fasta,type 2 polyketide,Median,0.261780104712042
platinum_BGC0000260.fasta,nonribosomal peptide,Median,0.131578947368421
platinum_BGC0000262.fasta,butyrolactone|type 2 polyketide,Median,0.251533742331288
platinum_BGC0000270.fasta,aminocoumarin|nonribosomal peptide,Median,0.107476635514019
platinum_BGC0000284.fasta,type 1 polyketide,Median,0.055555555555556
platinum_BGC0000287.fasta,nonribosomal peptide,Median,0.204545454545455
platinum_BGC0000296.fasta,nonribosomal peptide,Median,0.427631578947368
platinum_BGC0000297.fasta,nonribosomal peptide,Median,0.43125
platinum_BGC0000299.fasta,nonribosomal peptide,Median,0.105263157894737
platinum_BGC0000301.fasta,nonribosomal peptide,Median,0.247740005092946
platinum_BGC0000309.fasta,nonribosomal peptide,Median,0.492753623188406
platinum_BGC0000314.fasta,nonribosomal peptide,Median,0.236842105263158
platinum_BGC0000315.fasta,nonribosomal peptide,Median,0.495495495495495
platinum_BGC0000317.fasta,beta-lactam|nonribosomal peptide,Median,0.438202247191011
platinum_BGC0000320.fasta,nonribosomal peptide,Median,0.320987654320988
platinum_BGC0000327.fasta,nonribosomal peptide,Median,0.153846153846154
platinum_BGC0000329.fasta,homoserine lactone|nonribosomal peptide,Median,0.088541666666667
platinum_BGC0000353.fasta,nonribosomal peptide|type 1 polyketide,Median,0.209052306504536
platinum_BGC0000358.fasta,nonribosomal peptide,Median,0.407793209876543
platinum_BGC0000367.fasta,nonribosomal peptide,Median,0.51795746388443
platinum_BGC0000371.fasta,nonribosomal peptide,Median,0.244274809160305
platinum_BGC0000373.fasta,nonribosomal peptide,Median,0.057692307692308
platinum_BGC0000380.fasta,nonribosomal peptide|type 1 polyketide,Median,0.085262308313156
platinum_BGC0000381.fasta,nonribosomal peptide,Median,0.522587082728592
platinum_BGC0000396.fasta,nonribosomal peptide,Median,0.079470198675497
platinum_BGC0000399.fasta,nonribosomal peptide,Median,0.489677276746242
platinum_BGC0000408.fasta,nonribosomal peptide,Median,0.467948717948718
platinum_BGC0000410.fasta,nonribosomal peptide,Median,0.064935064935065
platinum_BGC0000412.fasta,nonribosomal peptide,Median,0.177215189873418
platinum_BGC0000413.fasta,nonribosomal peptide|bacteriocin|nonribosomal peptide,Median,0.128318584070796
platinum_BGC0000415.fasta,nonribosomal peptide,Median,0.395276200309757
platinum_BGC0000419.fasta,nonribosomal peptide,Median,0.48014440433213
platinum_BGC0000428.fasta,lincoside|other,Median,0.303890720207771
platinum_BGC0000430.fasta,nonribosomal peptide,Median,0.364571092831962
platinum_BGC0000433.fasta,nonribosomal peptide,Median,0.586805555555556
platinum_BGC0000437.fasta,nonribosomal peptide,Median,0.399101431617423
platinum_BGC0000438.fasta,nonribosomal peptide,Median,0.584980550924823
platinum_BGC0000441.fasta,nonribosomal peptide,Median,0.296911248094386
platinum_BGC0000443.fasta,nonribosomal peptide,Median,0.295652173913043
platinum_BGC0000444.fasta,nonribosomal peptide,Median,0.158730158730159
platinum_BGC0000445.fasta,nonribosomal peptide,Median,0.275320512820513
platinum_BGC0000446.fasta,nonribosomal peptide,Median,0.16
platinum_BGC0000451.fasta,nonribosomal peptide,Median,0.505747126436782
platinum_BGC0000452.fasta,nonribosomal peptide,Median,0.620418848167539
platinum_BGC0000455.fasta,nonribosomal peptide,Median,0.543432480083584
platinum_BGC0000457.fasta,nonribosomal peptide,Median,0.057142857142857
platinum_BGC0000461.fasta,nonribosomal peptide,Median,0.551450890344657
platinum_BGC0000462_merged.fasta,nonribosomal peptide,Median,0.486519607843137
platinum_BGC0000463.fasta,nonribosomal peptide,Median,0.440251572327044
platinum_BGC0000467.fasta,nonribosomal peptide|type 1 polyketide,Median,0.182795698924731
platinum_BGC0000468.fasta,RiPP,Median,0.854961832061069
platinum_BGC0000470.fasta,RiPP,Median,0.647902869757174
platinum_BGC0000474.fasta,RiPP,Median,0.114170021084915
platinum_BGC0000518.fasta,RiPP,Median,0.373949579831933
platinum_BGC0000532.fasta,RiPP,Median,0.889937233985238
platinum_BGC0000546.fasta,RiPP,Median,0.654166666666667
platinum_BGC0000551.fasta,RiPP,Median,0.630541871921182
platinum_BGC0000553.fasta,RiPP,Median,0.639484978540773
platinum_BGC0000561.fasta,RiPP,Median,0.807568281175605
platinum_BGC0000564.fasta,RiPP,Median,0.65
platinum_BGC0000578.fasta,RiPP,Median,1
platinum_BGC0000579.fasta,RiPP,Median,0.695454545454545
platinum_BGC0000585.fasta,RiPP,Median,0.389917695473251
platinum_BGC0000593.fasta,RiPP,Median,0.61624691951674
platinum_BGC0000689.fasta,aminoglycoside,Median,0.136904761904762
platinum_BGC0000690.fasta,aminoglycoside,Median,0.373913043478261
platinum_BGC0000692.fasta,aminoglycoside,Median,0.315315315315315
platinum_BGC0000697.fasta,aminoglycoside,Median,0.275862068965517
platinum_BGC0000702.fasta,aminoglycoside,Median,0.442307692307692
platinum_BGC0000705.fasta,aminoglycoside,Median,0.436708860759494
platinum_BGC0000710.fasta,aminoglycoside,Median,0.41304347826087
platinum_BGC0000711.fasta,aminoglycoside,Median,0.41304347826087
platinum_BGC0000713.fasta,aminoglycoside,Median,0.475872093023256
platinum_BGC0000714.fasta,aminoglycoside,Median,0.183974358974359
platinum_BGC0000718.fasta,aminoglycoside,Median,0.26605504587156
platinum_BGC0000719.fasta,aminoglycoside,Median,0.194029850746269
platinum_BGC0000724.fasta,aminoglycoside,Median,0.423423423423423
platinum_BGC0000813.fasta,bisindole,Median,0.202294685990338
platinum_BGC0000826.fasta,bisindole,Median,0.195890410958904
platinum_BGC0000827.fasta,bisindole,Median,0.376984126984127
platinum_BGC0000828.fasta,bisindole,Median,0.771494009866103
platinum_BGC0000830.fasta,bisindole,Median,0.43037518037518
platinum_BGC0000831.fasta,bisindole,Median,0.782352941176471
platinum_BGC0000845.fasta,beta-lactam,Median,1
platinum_BGC0000861.fasta,type 1 polyketide,Median,0.090909090909091
platinum_BGC0000862.fasta,type 1 polyketide,Median,0.116883116883117
platinum_BGC0000863.fasta,type 1 polyketide,Median,0.116883116883117
platinum_BGC0000865.fasta,type 1 polyketide,Median,0.116883116883117
platinum_BGC0000873.fasta,nucleoside,Median,0.662280124577795
platinum_BGC0000884.fasta,antimetabolite,Median,1
platinum_BGC0000886.fasta,type 1 polyketide,Median,0.0390625
platinum_BGC0000889.fasta,melanin,Median,0.102941176470588
platinum_BGC0000934.fasta,phenazine,Median,0.186666666666667
platinum_BGC0000936.fasta,phenazine,Median,0.095890410958904
platinum_BGC0000954.fasta,nonribosomal peptide|type 1 polyketide,Median,0.104842208787712
platinum_BGC0000957.fasta,nonribosomal peptide,Median,0.076762466224515
platinum_BGC0000958.fasta,nonribosomal peptide|type 1 polyketide,Median,0.327433628318584
platinum_BGC0000976.fasta,nonribosomal peptide|type 1 polyketide,Median,0.167763157894737
platinum_BGC0000980.fasta,nonribosomal peptide|type 1 polyketide,Median,0.072164948453608
platinum_BGC0000981.fasta,nonribosomal peptide|type 1 polyketide,Median,0.092051820728291
platinum_BGC0000985.fasta,nonribosomal peptide,Median,0.346733668341709
platinum_BGC0000986.fasta,nonribosomal peptide|type 1 polyketide,Median,0.147619566401569
platinum_BGC0000989.fasta,nonribosomal peptide|type 1 polyketide,Median,0.209756097560976
platinum_BGC0000990.fasta,nonribosomal peptide|type 1 polyketide,Median,0.209756097560976
platinum_BGC0000991.fasta,nonribosomal peptide|type 1 polyketide,Median,0.209756097560976
platinum_BGC0000996.fasta,nonribosomal peptide|type 1 polyketide,Median,0.04696370822853
platinum_BGC0000999.fasta,nonribosomal peptide|type 1 polyketide,Median,0.061946902654867
platinum_BGC0001004.fasta,type 1 polyketide,Median,0.176470588235294
platinum_BGC0001006.fasta,nonribosomal peptide|type 1 polyketide,Median,0.114942528735632
platinum_BGC0001007.fasta,nonribosomal peptide|type 1 polyketide,Median,0.114942528735632
platinum_BGC0001013.fasta,nonribosomal peptide|type 1 polyketide,Median,0.317263854106466
platinum_BGC0001015.fasta,nonribosomal peptide|type 1 polyketide,Median,0.245784559643255
platinum_BGC0001016.fasta,nonribosomal peptide|type 1 polyketide,Median,0.223809523809524
platinum_BGC0001019.fasta,nonribosomal peptide|type 1 polyketide,Median,0.232007575757576
platinum_BGC0001027.fasta,nonribosomal peptide|type 1 polyketide,Median,0.142307692307692
platinum_BGC0001031.fasta,type 1 polyketide,Median,0.150684931506849
platinum_BGC0001041.fasta,nonribosomal peptide|type 1 polyketide,Median,0.078947368421053
platinum_BGC0001043.fasta,nonribosomal peptide|type 1 polyketide,Median,0.063636363636364
platinum_BGC0001047.fasta,nonribosomal peptide|type 1 polyketide,Median,0.118654299983535
platinum_BGC0001050.fasta,nonribosomal peptide,Median,0.1025
platinum_BGC0001053.fasta,nonribosomal peptide|type 1 polyketide,Median,0.323353293413174
platinum_BGC0001056.fasta,nonribosomal peptide|type 1 polyketide,Median,0.115942028985507
platinum_BGC0001062.fasta,type 1 polyketide|type 2 polyketide,Median,0.16260162601626
platinum_BGC0001063.fasta,nonribosomal peptide|type 1 polyketide,Median,0.122448979591837
platinum_BGC0001074.fasta,type 2 polyketide,Median,0.3125
platinum_BGC0001080.fasta,phenazine,Median,0.186666666666667
platinum_BGC0001083.fasta,butyrolactone,Median,0.044943820224719
platinum_BGC0001085.fasta,nonribosomal peptide,Median,0.09375
platinum_BGC0001090.fasta,nonribosomal peptide|type 1 polyketide,Median,0.249968095153016
platinum_BGC0001093.fasta,nonribosomal peptide|type 1 polyketide,Median,0.26865671641791
platinum_BGC0001095.fasta,nonribosomal peptide,Median,0.48
platinum_BGC0001101.fasta,nonribosomal peptide|type 1 polyketide,Median,0.091954022988506
platinum_BGC0001109.fasta,nonribosomal peptide|type 1 polyketide,Median,0.153333333333333
platinum_BGC0001113.fasta,nonribosomal peptide|type 1 polyketide,Median,0.124137931034483
platinum_BGC0001119.fasta,nonribosomal peptide|type 1 polyketide,Median,0.174193548387097
platinum_BGC0001128.fasta,nonribosomal peptide,Median,0.116416791604198
platinum_BGC0001132.fasta,nonribosomal peptide,Median,0.287780966044955
platinum_BGC0001145.fasta,RiPP,Median,0.442489583650132
platinum_BGC0001146.fasta,RiPP,Median,0.475059780009565
platinum_BGC0001149.fasta,nonribosomal peptide,Median,0.811881188118812
platinum_BGC0001153.fasta,nonribosomal peptide,Median,0.525302013422819
platinum_BGC0001154.fasta,aminocoumarin,Median,0.225
platinum_BGC0001155.fasta,RiPP,Median,0.375471805608968
platinum_BGC0001157.fasta,RiPP,Median,0.854961832061069
platinum_BGC0001160.fasta,nonribosomal peptide|type 1 polyketide,Median,0.244444444444444
platinum_BGC0001161.fasta,nonribosomal peptide|type 1 polyketide,Median,0.155555555555556
platinum_BGC0001162.fasta,nonribosomal peptide|type 1 polyketide,Median,0.045454545454546
platinum_BGC0001163.fasta,nonribosomal peptide|type 1 polyketide,Median,0.155555555555556
platinum_BGC0001164.fasta,nonribosomal peptide|type 1 polyketide,Median,0.155555555555556
platinum_BGC0001169.fasta,type 1 polyketide,Median,0.181818181818182
platinum_BGC0001170.fasta,RiPP,Median,0.65
platinum_BGC0001173.fasta,RiPP,Median,0.542664240566941
platinum_BGC0001183.fasta,nonribosomal peptide|type 1 polyketide,Median,0.158306470634484
platinum_BGC0001185.fasta,nonribosomal peptide,Median,0.492753623188406
platinum_BGC0001189.fasta,nonribosomal peptide,Median,0.206775919482172
platinum_BGC0001193.fasta,nonribosomal peptide|type 1 polyketide,Median,0.092783505154639
platinum_BGC0001196.fasta,nonribosomal peptide,Median,0.550599700149925
platinum_BGC0001197.fasta,type 2 polyketide,Median,0.376344086021505
platinum_BGC0001199.fasta,type 1 polyketide,Median,0.059322033898305
platinum_BGC0001200.fasta,type 1 polyketide,Median,0.177215189873418
platinum_BGC0001202.fasta,nonribosomal peptide|type 1 polyketide,Median,0.140350877192982
platinum_BGC0001203.fasta,nonribosomal peptide|type 1 polyketide,Median,0.170212765957447
platinum_BGC0001204.fasta,type 1 polyketide,Median,0.180500068880011
platinum_BGC0001211.fasta,nonribosomal peptide,Median,0.276824840365594
platinum_BGC0001212.fasta,nonribosomal peptide|type 1 polyketide,Median,0.11340206185567
platinum_BGC0001213.fasta,nonribosomal peptide|type 1 polyketide,Median,0.123724489795918
platinum_BGC0001214.fasta,nonribosomal peptide,Median,0.218989769820972
platinum_BGC0001216.fasta,nonribosomal peptide|type 1 polyketide,Median,0.318557315619145
platinum_BGC0001226_fixed.fasta,RiPP,Median,0.869565217391304
platinum_BGC0001228.fasta,nonribosomal peptide,Median,0.256410256410256
platinum_BGC0001230.fasta,nonribosomal peptide|type 1 polyketide,Median,0.306528436018957
platinum_BGC0001232_merged.fasta,type 1 polyketide,Median,0.225537160972173
platinum_BGC0001233.fasta,nonribosomal peptide,Median,0.332198503251135
platinum_BGC0001235.fasta,nonribosomal peptide|type 1 polyketide,Median,0.148494525547445
platinum_BGC0001249.fasta,nonribosomal peptide,Median,0.090909090909091
platinum_BGC0001284.fasta,type 1 polyketide,Median,0.0625
platinum_BGC0001287.fasta,nonribosomal peptide|type 1 polyketide,Median,0.131879424526148
platinum_BGC0001288.fasta,type 1 polyketide,Median,0.089201877934272
platinum_BGC0001292.fasta,nonribosomal peptide|type 1 polyketide,Median,0.260869565217391
platinum_BGC0001296.fasta,type 1 polyketide,Median,0.134615384615385
platinum_BGC0001297.fasta,nonribosomal peptide,Median,0.334821428571429
platinum_BGC0001298.fasta,nonribosomal peptide|type 1 polyketide,Median,0.19153605015674
platinum_BGC0001299.fasta,type 1 polyketide,Median,0.048387096774194
platinum_BGC0001300.fasta,type 1 polyketide,Median,0.03968253968254
platinum_BGC0001301.fasta,type 1 polyketide,Median,0.040983606557377
platinum_BGC0001302.fasta,phenazine,Median,0.128205128205128
platinum_BGC0001312.fasta,nonribosomal peptide,Median,0.357142857142857
platinum_BGC0001337.fasta,bisindole,Median,0.394316730523627
platinum_BGC0001338.fasta,type 1 polyketide,Median,0.145833333333333
platinum_BGC0001342.fasta,nonribosomal peptide|type 1 polyketide,Median,0.2
platinum_BGC0001343.fasta,nonribosomal peptide,Median,0.03921568627451
platinum_BGC0001345.fasta,nonribosomal peptide,Median,0.402777777777778
platinum_BGC0001346.fasta,nonribosomal peptide,Median,0.498188405797101
platinum_BGC0001347_merged.fasta,nonribosomal peptide,Median,0.335497835497836
platinum_BGC0001348.fasta,type 1 polyketide,Median,0.387323943661972
platinum_BGC0001350.fasta,type 1 polyketide,Median,0.162163141118516
platinum_BGC0001353_merged.fasta,nonribosomal peptide,Median,0.060408163265306
platinum_BGC0001354_merged.fasta,nonribosomal peptide|type 1 polyketide,Median,0.125
platinum_BGC0001357.fasta,nonribosomal peptide|type 1 polyketide,Median,0.119565217391304
platinum_BGC0001358.fasta,nonribosomal peptide|type 1 polyketide,Median,0.084249084249084
platinum_BGC0001366.fasta,type 2 polyketide,Median,0.116666666666667
platinum_BGC0001367.fasta,nonribosomal peptide|type 1 polyketide,Median,0.159420289855072
platinum_BGC0001368.fasta,nonribosomal peptide,Median,0.165701128936423
platinum_BGC0001370.fasta,nonribosomal peptide,Median,0.357466063348416
platinum_BGC0001371.fasta,nonribosomal peptide,Median,0.239583333333333
platinum_BGC0001376.fasta,type 2 polyketide,Median,0.181818181818182
platinum_BGC0001377.fasta,type 1 polyketide,Median,0.0375
platinum_BGC0001381.fasta,nonribosomal peptide|type 1 polyketide,Median,0.190477006961353
platinum_BGC0001383.fasta,type 1 polyketide,Median,0.11304347826087
platinum_BGC0001384.fasta,type 1 polyketide|type 2 polyketide,Median,0.279489340450105
platinum_BGC0001386.fasta,type 2 polyketide,Median,0.136842105263158
platinum_BGC0001392.fasta,RiPP,Median,0.593322525860738
platinum_BGC0001393.fasta,nonribosomal peptide,Median,0.148613180109243
platinum_BGC0001394.fasta,nonribosomal peptide|type 1 polyketide,Median,0.225225225225225
platinum_BGC0001395.fasta,phosphoglycolipid,Median,0.025
platinum_BGC0001396.fasta,type 1 polyketide,Median,0.151351351351351
platinum_BGC0001397.fasta,type 1 polyketide,Median,0.166181015452539
platinum_BGC0001406.fasta,nonribosomal peptide,Median,0.282868525896414
platinum_BGC0001409.fasta,nonribosomal peptide|type 1 polyketide|type 2 polyketide,Median,0.19071018651363
platinum_BGC0001413.fasta,nonribosomal peptide,Median,0.355624953802942
platinum_BGC0001415.fasta,nonribosomal peptide|type 1 polyketide|bacteriocin,Median,0.174825174825175
platinum_Bacilysin.fasta,antimetabolite,Median,1
platinum_BhtA.fasta,RiPP,Median,0.399444457448718
platinum_Bialaphos.fasta,phosphonate|nonribosomal peptide,Median,0.394366197183099
platinum_C-1027.fasta,type 1 polyketide,Median,0.166181015452539
platinum_Caprazamycin.fasta,nucleoside,Median,0.497297297297297
platinum_CycloWW2m.fasta,cyclodipeptide,Median,0.825
platinum_Dapdiamides.fasta,antimetabolite,Median,0.328562666121448
platinum_ET-743.fasta,nonribosomal peptide,Median,0.252873563218391
platinum_Erwinia_1-carbapen-2-em-3-carboxylic_acid.fasta,beta-lactam,Median,1
platinum_FD-594.fasta,type 2 polyketide,Median,0.21
platinum_FD-891.fasta,type 1 polyketide,Median,0.257352941176471
platinum_FK228.fasta,nonribosomal peptide,Median,0.074324324324324
platinum_FK506.fasta,nonribosomal peptide|type 1 polyketide,Median,0.243904230317274
platinum_FR33289.fasta,phosphonate,Median,0.155555555555556
platinum_FR901464.fasta,nonribosomal peptide|type 1 polyketide,Median,0.129374051778985
platinum_Factumycin.fasta,nonribosomal peptide|type 1 polyketide,Median,0.032
platinum_Fluvirucin.fasta,nonribosomal peptide|type 1 polyketide,Median,0.142380165289256
platinum_Fosfomycin.fasta,phosphonate,Median,0.333333333333333
platinum_Fredericamycin.fasta,type 2 polyketide,Median,0.162162162162162
platinum_GE2270.fasta,RiPP,Median,0.375471805608968
platinum_GE37468.fasta,RiPP,Median,0.609302325581395
platinum_GE81112.fasta,nonribosomal peptide,Median,0.200073326432022
platinum_Hectochlorin.fasta,nonribosomal peptide|type 1 polyketide,Median,0.245291537667699
platinum_Hedamycin.fasta,type 1 polyketide|type 2 polyketide,Median,0.195591450085013
platinum_Hydroxynitrilaphos.fasta,phosphonate|other,Median,1
platinum_Indolmycin_PS.fasta,homoserine lactone|antimetabolite,Median,1
platinum_JBIR-06.fasta,nonribosomal peptide|type 1 polyketide,Median,0.346456692913386
platinum_JBIR-34.fasta,nonribosomal peptide,Median,0.113928304705004
platinum_K-252a.fasta,bisindole,Median,0.365466511807975
platinum_L-155175.fasta,nonribosomal peptide|type 1 polyketide,Median,0.245908982322026
platinum_Liposidomycin.fasta,nucleoside,Median,0.5095662882201
platinum_MK-449.fasta,type 1 polyketide,Median,0.18724593495935
platinum_Microcin_B17.fasta,RiPP,Median,0.706754735792622
platinum_Microcin_C7.fasta,RiPP,Median,0.381742738589212
platinum_Mildiomycin.fasta,nucleoside,Median,0.504347826086956
platinum_Muraminomicin.fasta,nucleoside|nonribosomal peptide,Median,0.431034482758621
platinum_Mycocyclosin.fasta,cyclodipeptide,Median,0.2
platinum_NAI-112.fasta,RiPP,Median,0.635385897144588
platinum_Nikkomycin.fasta,nucleoside,Median,0.704081632653061
platinum_Nocazine.fasta,cyclodipeptide,Median,0.287435456110155
platinum_Paerucumarin.fasta,isonitrile alkaloid,Median,1
platinum_Pantocin_A.fasta,RiPP,Median,0.819444444444444
platinum_Phosacetamycin.fasta,phosphonate,Median,0.323404255319149
platinum_Phosalacine.fasta,phosphonate|nonribosomal peptide,Median,0.379310344827586
platinum_Phosphothricin.fasta,phosphonate|nonribosomal peptide,Median,0.333333333333333
platinum_Polyoxin.fasta,nucleoside,Median,0.747747747747748
platinum_Pulcherrimin.fasta,cyclodipeptide,Median,1
platinum_R1128.fasta,type 2 polyketide,Median,0.171052631578947
platinum_SF2575.fasta,type 2 polyketide,Median,0.232123059866962
platinum_SW-163.fasta,nonribosomal peptide,Median,0.209128394086941
platinum_Sangivamycin.fasta,nucleoside,Median,0.236842105263158
platinum_Sch_47554.fasta,type 2 polyketide,Median,0.245508982035928
platinum_Showdomycin.fasta,nucleoside,Median,0.290697674418605
platinum_Sulfazecin.fasta,beta-lactam|nonribosomal peptide,Median,0.274294670846395
platinum_TLN-05220.fasta,type 1 polyketide|type 2 polyketide,Median,0.16260162601626
platinum_TP-1161.fasta,RiPP,Median,0.368421052631579
platinum_Toyocamycin.fasta,nucleoside,Median,0.205128205128205
platinum_Tunicamycin.fasta,nucleoside,Median,0.811023622047244
platinum_UK-68597.fasta,nonribosomal peptide,Median,0.424460431654676
platinum_Vazabitide.fasta,nonribosomal peptide,Median,1
platinum_Violacein.fasta,bisindole,Median,0.782352941176471
platinum_YM-216391.fasta,RiPP,Median,0.585714285714286
platinum_Yunnanmycin.fasta,nucleoside,Median,0.604567307692308
platinum_a201a.fasta,nucleoside,Median,0.590062111801242
platinum_abyssomicin.fasta,type 1 polyketide,Median,0.064516129032258
platinum_acidobactin.fasta,nonribosomal peptide|type 1 polyketide,Median,0.304298642533937
platinum_acinetobactin.fasta,nonribosomal peptide,Median,0.24
platinum_aclacinomycin_A.fasta,type 2 polyketide,Median,0.345029239766082
platinum_actagardine.fasta,RiPP,Median,0.733327286333023
platinum_actinomycin.fasta,nonribosomal peptide,Median,0.142889483432805
platinum_actinorhodin.fasta,type 2 polyketide,Median,0.147887323943662
platinum_aculeximycin.fasta,type 1 polyketide,Median,0.262345679012346
platinum_aeruginosamide.fasta,RiPP,Median,0.623853211009174
platinum_aeruginosin.fasta,nonribosomal peptide,Median,0.424242424242424
platinum_albicidin.fasta,nonribosomal peptide|type 1 polyketide,Median,0.404109589041096
platinum_albomycin.fasta,nonribosomal peptide,Median,0.1
platinum_albonoursin.fasta,cyclodipeptide,Median,0.298507462686567
platinum_alnumycin.fasta,type 2 polyketide,Median,0.171875
platinum_alpha_lipomycin.fasta,nonribosomal peptide|type 1 polyketide,Median,0.3999768999769
platinum_althiomycin.fasta,nonribosomal peptide|type 1 polyketide,Median,0.133333333333333
platinum_ambruticin.fasta,nonribosomal peptide|type 1 polyketide,Median,0.149839743589744
platinum_amphotericin.fasta,type 1 polyketide,Median,0.197913049517328
platinum_amychelin.fasta,nonribosomal peptide,Median,0.203051375588995
platinum_anabaenopeptilide.fasta,nonribosomal peptide,Median,0.434065934065934
platinum_anabaenopeptin.fasta,nonribosomal peptide,Median,0.273910073282822
platinum_anacyclamids.fasta,RiPP,Median,1
platinum_anatoxin.fasta,type 1 polyketide,Median,0.072727272727273
platinum_andrimid.fasta,nonribosomal peptide,Median,0.12621359223301
platinum_anglomycin.fasta,type 1 polyketide,Median,0.090361445783133
platinum_anthramycin.fasta,lincoside|other,Median,0.351648351648352
platinum_antimycin.fasta,nonribosomal peptide|type 1 polyketide,Median,0.29009324009324
platinum_apoptolidin.fasta,type 1 polyketide,Median,0.313632700295509
platinum_apramycin.fasta,aminoglycoside,Median,0.315315315315315
platinum_aranciamycin.fasta,type 2 polyketide,Median,0.464912280701754
platinum_arginomycin.fasta,nucleoside,Median,0.621621621621622
platinum_arthrofactin.fasta,nonribosomal peptide,Median,0.574324324324324
platinum_arylomycins.fasta,nonribosomal peptide,Median,0.35632183908046
platinum_ascamycin.fasta,nucleoside,Median,0.589226701916722
platinum_ascomycin.fasta,nonribosomal peptide|type 1 polyketide,Median,0.268287309048179
platinum_astexin-1.fasta,RiPP,Median,0.877637130801688
platinum_asukamycin.fasta,other|other,Median,0.134831460674157
platinum_aurafuron.fasta,nonribosomal peptide|type 1 polyketide,Median,0.121214392803598
platinum_aureothin.fasta,type 1 polyketide,Median,0.073170731707317
platinum_aureusimine.fasta,nonribosomal peptide,Median,0.075471698113208
platinum_avermectin.fasta,type 1 polyketide,Median,0.183782305483386
platinum_avilamycin.fasta,type 1 polyketide,Median,0.142276422764228
platinum_azalomycin_F.fasta,type 1 polyketide,Median,0.217396377893951
platinum_azicemicin.fasta,type 2 polyketide,Median,0.15
platinum_azinomycin_B.fasta,nonribosomal peptide|type 1 polyketide,Median,0.154986857114517
platinum_bacillaene.fasta,nonribosomal peptide|type 1 polyketide,Median,0.159375
platinum_bacillibactin.fasta,nonribosomal peptide,Median,0.492753623188406
platinum_bacitracin.fasta,nonribosomal peptide,Median,0.409267912772586
platinum_bactobolin.fasta,homoserine lactone|nonribosomal peptide|type 1 polyketide,Median,0.097560975609756
platinum_bafilomycin.fasta,nonribosomal peptide|type 1 polyketide,Median,0.26060927067283
platinum_bafilomycin_ver2.fasta,nonribosomal peptide|type 1 polyketide,Median,0.221628097241702
platinum_balhimycin.fasta,nonribosomal peptide,Median,0.296296296296296
platinum_barbamide.fasta,nonribosomal peptide|type 1 polyketide,Median,0.287061647946497
platinum_basiliskamide.fasta,type 1 polyketide,Median,0.2
platinum_benastatin.fasta,type 2 polyketide,Median,0.361111111111111
platinum_berninamycin.fasta,RiPP,Median,0.409023240426764
platinum_bicornutin.fasta,nonribosomal peptide,Median,0.345889050708328
platinum_blasticidin.fasta,nucleoside|RiPP,Median,1
platinum_bleomycin.fasta,nonribosomal peptide|type 1 polyketide,Median,0.265534559073885
platinum_bogorol.fasta,nonribosomal peptide,Median,0.477124183006536
platinum_bongkrekic_acid.fasta,type 1 polyketide,Median,0.292803970223325
platinum_borregomycin.fasta,bisindole,Median,0.451194184839045
platinum_borrelidin.fasta,type 1 polyketide,Median,0.172707241091102
platinum_bovicin_hj50.fasta,RiPP,Median,0.807568281175605
platinum_bryostatin.fasta,type 1 polyketide,Median,0.132381570408825
platinum_burhizin.fasta,RiPP,Median,0.859208644525663
platinum_burkholdac.fasta,nonribosomal peptide,Median,0.088709677419355
platinum_butirosin.fasta,aminoglycoside,Median,0.349528301886792
platinum_butyrivibriocin_OR79.fasta,RiPP,Median,0.778823613493425
platinum_caerulomycin_A.fasta,nonribosomal peptide|type 1 polyketide,Median,0.144444444444444
platinum_calcimycin.fasta,type 1 polyketide,Median,0.138370253164557
platinum_calicheamicin.fasta,type 1 polyketide,Median,0.278743603233058
platinum_calyculin.fasta,nonribosomal peptide|type 1 polyketide,Median,0.166668854611093
platinum_candicidin.fasta,nonribosomal peptide|type 1 polyketide,Median,0.227436823104693
platinum_capistruin.fasta,RiPP,Median,1
platinum_capreomycin.fasta,nonribosomal peptide,Median,0.162053571428571
platinum_carbpapenem_MM_4550.fasta,beta-lactam,Median,0.093025268258913
platinum_carnolycin.fasta,RiPP,Median,0.402657637150011
platinum_catenulipeptin.fasta,RiPP,Median,0.825471698113208
platinum_caulonodin.fasta,RiPP,Median,0.731605318183612
platinum_caulosegnin.fasta,RiPP,Median,0.384615384615385
platinum_cephalosporin.fasta,beta-lactam|nonribosomal peptide,Median,0.698630136986301
platinum_cerecidin.fasta,RiPP,Median,0.442407957006497
platinum_chalcomycin.fasta,type 1 polyketide,Median,0.229104363162334
platinum_chartreusin.fasta,type 2 polyketide,Median,0.193333333333333
platinum_chattamycin.fasta,type 2 polyketide,Median,0.231293706293706
platinum_chaxapeptin.fasta,RiPP,Median,1
platinum_chejuenolide.fasta,nonribosomal peptide|type 1 polyketide,Median,0.138297872340426
platinum_chelocardin.fasta,type 2 polyketide,Median,0.20795142969056
platinum_chivosazol.fasta,nonribosomal peptide|type 1 polyketide,Median,0.158653846153846
platinum_chlorizidine_A.fasta,type 1 polyketide,Median,0.05952380952381
platinum_chloroeremomycin.fasta,nonribosomal peptide,Median,0.486381322957198
platinum_chlorothricin.fasta,type 1 polyketide,Median,0.128834706959707
platinum_chlortetracycline.fasta,type 2 polyketide,Median,0.150442477876106
platinum_chondramide.fasta,nonribosomal peptide|type 1 polyketide,Median,0.123849861253104
platinum_chondrochlorens.fasta,nonribosomal peptide|type 1 polyketide,Median,0.246268656716418
platinum_chromomycin.fasta,type 2 polyketide,Median,0.300547195622435
platinum_chrysomycin.fasta,type 2 polyketide,Median,0.166666666666667
platinum_cichofactin.fasta,nonribosomal peptide,Median,0.322173872356354
platinum_cinerubin.fasta,type 2 polyketide,Median,0.281010928961749
platinum_cinnabaramide.fasta,nonribosomal peptide|type 1 polyketide,Median,0.153846153846154
platinum_cinnamycin.fasta,RiPP,Median,0.818614718614719
platinum_cladoniamide.fasta,bisindole,Median,0.564755154639175
platinum_clorobiocin.fasta,aminocoumarin,Median,0.442733895705521
platinum_coelibactin.fasta,nonribosomal peptide,Median,0.308755060728745
platinum_coelichelin.fasta,nonribosomal peptide,Median,0.474152423648081
platinum_coelimycin.fasta,butyrolactone|type 1 polyketide,Median,0.098475085910653
platinum_colibactin.fasta,nonribosomal peptide|type 1 polyketide,Median,0.194630872483221
platinum_colistin.fasta,nonribosomal peptide,Median,0.444513975803087
platinum_collismycin_A.fasta,nonribosomal peptide|type 1 polyketide,Median,0.137654078153685
platinum_comX.fasta,RiPP,Median,1
platinum_comX2.fasta,RiPP,Median,1
platinum_comX3.fasta,RiPP,Median,1
platinum_comX4.fasta,RiPP|nonribosomal peptide,Median,0.564102564102564
platinum_complestatin.fasta,nonribosomal peptide,Median,0.354579237592903
platinum_concanamycin_A.fasta,type 1 polyketide,Median,0.449150919305414
platinum_coronatine.fasta,type 1 polyketide,Median,0.106666666666667
platinum_coumermycin_A1.fasta,aminocoumarin,Median,0.491463167494174
platinum_cremimycin.fasta,nonribosomal peptide|type 1 polyketide,Median,0.307228915662651
platinum_crocacin.fasta,nonribosomal peptide|type 1 polyketide,Median,0.204042638777152
platinum_cryptophycin.fasta,nonribosomal peptide|type 1 polyketide,Median,0.281173218673219
platinum_cuevaene.fasta,nonribosomal peptide|type 1 polyketide,Median,0.16
platinum_cupriachelin.fasta,nonribosomal peptide,Median,0.161182669789227
platinum_curacin.fasta,nonribosomal peptide|type 1 polyketide,Median,0.146103896103896
platinum_cyanopeptolin.fasta,nonribosomal peptide,Median,0.292105263157895
platinum_cyclizidine.fasta,type 1 polyketide,Median,0.11340206185567
platinum_cycloheximide.fasta,type 1 polyketide,Median,0.338028169014085
platinum_cyclomarin.fasta,nonribosomal peptide,Median,0.295067579427769
platinum_cyclothiazomycin.fasta,RiPP,Median,0.517806267806268
platinum_cylindrocyclophane.fasta,nonribosomal peptide|type 1 polyketide,Median,0.094594594594595
platinum_cylindrospermopsin.fasta,nonribosomal peptide|type 1 polyketide,Median,0.105263157894737
platinum_cypemycin.fasta,RiPP,Median,0.80186505521259
platinum_cystomanamide.fasta,nonribosomal peptide|type 1 polyketide,Median,0.365079365079365
platinum_cystothiazole_A.fasta,nonribosomal peptide|type 1 polyketide,Median,0.613636363636364
platinum_cytolysin.fasta,RiPP,Median,0.42323241686156
platinum_d-cycloserine.fasta,antimetabolite,Median,1
platinum_dactylocycline.fasta,type 2 polyketide,Median,0.220779220779221
platinum_daptomycin.fasta,nonribosomal peptide,Median,0.482297315045875
platinum_daunorubicin.fasta,type 2 polyketide,Median,0.361601307189543
platinum_dehydrophos.fasta,phosphonate,Median,0.433004926108374
platinum_delftibactin.fasta,nonribosomal peptide|type 1 polyketide,Median,0.183828916181857
platinum_depsidomycin.fasta,butyrolactone|nonribosomal peptide|NRPS-independent siderophore,Median,0.146929264555669
platinum_diaphorin.fasta,type 1 polyketide,Median,0.11214953271028
platinum_difficidin.fasta,type 1 polyketide,Median,0.124223602484472
platinum_disorazole.fasta,nonribosomal peptide|type 1 polyketide,Median,0.26865671641791
platinum_divergolide.fasta,nonribosomal peptide|type 1 polyketide,Median,0.153537252221463
platinum_doxorubicin.fasta,type 2 polyketide,Median,0.195488721804511
platinum_dynemicin.fasta,type 1 polyketide,Median,0.058823529411765
platinum_ebelactone.fasta,type 1 polyketide,Median,0.231884057971014
platinum_echinomycin.fasta,nonribosomal peptide,Median,0.398203435994134
platinum_eco-02301.fasta,nonribosomal peptide|type 1 polyketide,Median,0.380380036630037
platinum_elansolid.fasta,nonribosomal peptide|type 1 polyketide,Median,0.226073059360731
platinum_elloramycin.fasta,type 2 polyketide,Median,0.258741258741259
platinum_enacyloxin.fasta,type 1 polyketide,Median,0.238461538461538
platinum_enduracidin.fasta,nonribosomal peptide,Median,0.432697266632285
platinum_enterobactin.fasta,nonribosomal peptide,Median,0.363636363636364
platinum_enterocin_NKR-5-3B.fasta,RiPP,Median,1
platinum_entianin.fasta,RiPP,Median,0.617391304347826
platinum_entolysin.fasta,nonribosomal peptide,Median,0.457516339869281
platinum_epicidin.fasta,RiPP,Median,0.661441544146552
platinum_epidermin.fasta,RiPP,Median,0.607802888934964
platinum_epilancin_15X.fasta,RiPP,Median,0.572101022012579
platinum_eponemycin.fasta,nonribosomal peptide|type 1 polyketide,Median,0.124198717948718
platinum_epothilone.fasta,nonribosomal peptide|type 1 polyketide,Median,0.193673418354589
platinum_epoxomicin.fasta,nonribosomal peptide|type 1 polyketide,Median,0.221311475409836
platinum_erdacin.fasta,type 2 polyketide,Median,0.157407407407407
platinum_erdasporine.fasta,bisindole,Median,0.971428571428571
platinum_ericin_A.fasta,RiPP,Median,0.538645673323093
platinum_erythreapeptin.fasta,RiPP,Median,0.7
platinum_erythrochelin.fasta,nonribosomal peptide,Median,0.33497997329773
platinum_erythromycin.fasta,type 1 polyketide,Median,0.237834394904459
platinum_esmeraldin.fasta,phenazine|nonribosomal peptide,Median,0.203797190517998
platinum_etnangien.fasta,type 1 polyketide,Median,0.222857142857143
platinum_exochelin.fasta,nonribosomal peptide,Median,0.238970588235294
platinum_faerifungin.fasta,type 1 polyketide,Median,0.283333333333333
platinum_fam.fasta,isonitrile alkaloid,Median,1
platinum_fil.fasta,isonitrile alkaloid,Median,1
platinum_filipin.fasta,type 1 polyketide,Median,0.19469696969697
platinum_fim.fasta,isonitrile alkaloid,Median,1
platinum_fimsbactin.fasta,nonribosomal peptide,Median,0.212389380530973
platinum_fluostatin.fasta,type 2 polyketide,Median,0.271739130434783
platinum_fortimicin.fasta,aminoglycoside,Median,0.378378378378378
platinum_fosfazinomycin.fasta,phosphonate,Median,0.80379746835443
platinum_fosfomycin.fasta,phosphonate,Median,0.333333333333333
platinum_fostriecin.fasta,type 1 polyketide,Median,0.165942028985507
platinum_frenolicin.fasta,type 2 polyketide,Median,0.34375
platinum_friulimicin.fasta,nonribosomal peptide,Median,0.212165688193085
platinum_frontalamide.fasta,nonribosomal peptide|type 1 polyketide,Median,0.033057851239669
platinum_fusaricidin.fasta,nonribosomal peptide,Median,0.37757793764988
platinum_fuscachelin.fasta,nonribosomal peptide,Median,0.269324577861163
platinum_galbonolide.fasta,type 1 polyketide,Median,0.058823529411765
platinum_gallidermin.fasta,RiPP,Median,0.607003891050584
platinum_geldanamycin.fasta,nonribosomal peptide|type 1 polyketide,Median,0.194805194805195
platinum_gentamicin.fasta,aminoglycoside,Median,0.275862068965517
platinum_geobacillin_I.fasta,RiPP,Median,0.622073578595318
platinum_geobacillin_II.fasta,RiPP,Median,0.450684561340299
platinum_gephyronic_acid.fasta,type 1 polyketide,Median,0.225948196114709
platinum_glidobactin_A.fasta,nonribosomal peptide|type 1 polyketide,Median,0.280650264352025
platinum_glycocin_f.fasta,RiPP,Median,0.689839572192513
platinum_goadsporin.fasta,RiPP,Median,0.386718460969293
platinum_gobichelin.fasta,nonribosomal peptide,Median,0.271416411304052
platinum_gramicidin.fasta,nonribosomal peptide,Median,0.809917355371901
platinum_granaticin.fasta,type 2 polyketide,Median,0.163998463114754
platinum_grincamycin.fasta,type 2 polyketide,Median,0.236879967114278
platinum_griselimycin.fasta,nonribosomal peptide,Median,0.341182091182091
platinum_grisemycin.fasta,RiPP,Median,0.778893986959672
platinum_griseobactin.fasta,nonribosomal peptide,Median,0.590361445783133
platinum_griseoviridin.fasta,butyrolactone|nonribosomal peptide|type 1 polyketide,Median,0.146245059288538
platinum_griseusin.fasta,type 2 polyketide,Median,0.125
platinum_guadinomine.fasta,nonribosomal peptide|type 1 polyketide,Median,0.11961782376502
platinum_gulmirecin.fasta,type 1 polyketide,Median,0.148132183908046
platinum_haloduracins.fasta,RiPP,Median,0.461651583710407
platinum_halstoctacosanolide.fasta,type 1 polyketide,Median,0.340659340659341
platinum_hassallidin.fasta,nonribosomal peptide,Median,0.36896770682148
platinum_hatomarubigin.fasta,type 2 polyketide,Median,0.379237881759596
platinum_herbimycin.fasta,nonribosomal peptide|type 1 polyketide,Median,0.113562392532547
platinum_herboxidiene.fasta,type 1 polyketide|nucleoside,Median,0.16260162601626
platinum_heronamide.fasta,type 1 polyketide,Median,0.200806451612903
platinum_heterobactin.fasta,nonribosomal peptide,Median,0.140177184225315
platinum_himastatin.fasta,nonribosomal peptide,Median,0.156666666666667
platinum_hitachimycin.fasta,nonribosomal peptide|type 1 polyketide,Median,0.191780821917808
platinum_hormaomycin.fasta,lincoside|nonribosomal peptide,Median,0.358692948638229
platinum_hydroxysporine.fasta,bisindole,Median,1
platinum_hygrocin.fasta,nonribosomal peptide|type 1 polyketide,Median,0.179310344827586
platinum_hygromycin_A.fasta,nucleoside,Median,0.59
platinum_hygromycin_B.fasta,aminoglycoside,Median,0.155963302752294
platinum_incednine.fasta,nonribosomal peptide|type 1 polyketide,Median,0.157642395252015
platinum_indanomycin.fasta,type 1 polyketide,Median,0.150860104807473
platinum_indolmycin_streptomyces.fasta,antimetabolite,Median,1
platinum_istamycin.fasta,aminoglycoside|melanin,Median,0.267857142857143
platinum_iturin.fasta,nonribosomal peptide|type 1 polyketide,Median,0.2
platinum_jadomycin.fasta,butyrolactone|type 2 polyketide,Median,0.231404958677686
platinum_jagaricin.fasta,nonribosomal peptide,Median,0.243309936389559
platinum_jamaicamide.fasta,nonribosomal peptide|type 1 polyketide,Median,0.199286414642118
platinum_jawsamycin.fasta,nucleoside|type 1 polyketide,Median,0.51685393258427
platinum_jerangolid.fasta,type 1 polyketide,Median,0.116280658604905
platinum_kalimantacin.fasta,nonribosomal peptide|type 1 polyketide,Median,0.064134087369888
platinum_kanamycin.fasta,aminoglycoside,Median,0.481481481481481
platinum_kasugamycin.fasta,aminoglycoside,Median,0.833333333333333
platinum_kedarcidin.fasta,nonribosomal peptide|type 1 polyketide,Median,0.148831641447998
platinum_kendomycin.fasta,nonribosomal peptide|type 1 polyketide,Median,0.177777777777778
platinum_kijanimicin.fasta,type 1 polyketide,Median,0.147651006711409
platinum_kinamycin.fasta,type 2 polyketide,Median,0.285714285714286
platinum_kirromycin.fasta,nonribosomal peptide|type 1 polyketide,Median,0.191387559808612
platinum_koranimine.fasta,nonribosomal peptide,Median,0.405764411027569
platinum_kutznerides.fasta,nonribosomal peptide,Median,0.189814814814815
platinum_labyrinthopeptin.fasta,RiPP,Median,0.54356123107827
platinum_lactazole.fasta,RiPP,Median,0.567604028120844
platinum_lacticin.fasta,RiPP,Median,0.436001183390763
platinum_lacticin_3147.fasta,RiPP,Median,0.345454545454545
platinum_lactimidomycin.fasta,type 1 polyketide,Median,0.203811480086728
platinum_lactocillin.fasta,RiPP,Median,0.389550891446626
platinum_lactonamycin.fasta,butyrolactone|melanin|type 2 polyketide,Median,0.204532995994097
platinum_laidlomycin.fasta,type 1 polyketide,Median,0.156626506024096
platinum_landomycin.fasta,type 2 polyketide,Median,0.236762880198634
platinum_lankacidin.fasta,nonribosomal peptide|type 1 polyketide,Median,0.140076549663928
platinum_lankamycin.fasta,type 1 polyketide,Median,0.485178727114211
platinum_lariatin.fasta,RiPP,Median,0.970464135021097
platinum_lasalocid.fasta,type 1 polyketide,Median,0.256837907576824
platinum_laspartomycin.fasta,nonribosomal peptide,Median,0.219145930179564
platinum_legioliulin.fasta,nonribosomal peptide,Median,0.258064516129032
platinum_legonaridin.fasta,RiPP,Median,0.87260629665693
platinum_lichenicidin.fasta,RiPP,Median,0.484914192234088
platinum_lichenysin.fasta,nonribosomal peptide,Median,0.522587082728592
platinum_lividomycin.fasta,aminoglycoside,Median,0.43298969072165
platinum_lobophorin.fasta,type 1 polyketide,Median,0.173431734317343
platinum_lobosamide.fasta,nonribosomal peptide|type 1 polyketide,Median,0.267241379310345
platinum_locillomycin.fasta,nonribosomal peptide,Median,0.508190231108032
platinum_luminaolide.fasta,type 1 polyketide,Median,0.190107760036796
platinum_luminmycin.fasta,nonribosomal peptide|type 1 polyketide,Median,0.321023359288098
platinum_lyngbyatoxin.fasta,nonribosomal peptide,Median,0.052083333333333
platinum_lysobactin.fasta,RiPP|nonribosomal peptide,Median,0.390243902439024
platinum_lysolipin.fasta,type 2 polyketide,Median,0.154761904761905
platinum_macbecin.fasta,nonribosomal peptide|type 1 polyketide,Median,0.099084967320261
platinum_macedocin.fasta,RiPP,Median,0.811791579921351
platinum_macrolactin.fasta,type 1 polyketide,Median,0.11304347826087
platinum_maduropeptin.fasta,nonribosomal peptide|type 1 polyketide,Median,0.155307080066524
platinum_malleilactone.fasta,nonribosomal peptide|type 1 polyketide,Median,0.253164556962025
platinum_mannopeptimycin.fasta,nonribosomal peptide,Median,0.289787858271271
platinum_marinopyrrole.fasta,type 1 polyketide,Median,0.028169014084507
platinum_marinostatin.fasta,RiPP,Median,0.654461667364893
platinum_massetolide.fasta,nonribosomal peptide|nonribosomal peptide,Median,0.303605769230769
platinum_medermycin.fasta,type 2 polyketide,Median,0.263344262295082
platinum_megalomicin.fasta,type 1 polyketide,Median,0.185393258426966
platinum_meilingmycin.fasta,nonribosomal peptide|type 1 polyketide|type 1 polyketide,Median,0.163589529379003
platinum_melithiazol.fasta,nonribosomal peptide|type 1 polyketide,Median,0.271186440677966
platinum_mensacaricin.fasta,type 2 polyketide,Median,0.177966101694915
platinum_meridamycin.fasta,nonribosomal peptide|type 1 polyketide,Median,0.315173796791444
platinum_mersacidin.fasta,RiPP,Median,0.471223021582734
platinum_methylsalicylic_acid.fasta,type 1 polyketide,Median,0.166666666666667
platinum_micacocidin.fasta,nonribosomal peptide|type 1 polyketide,Median,0.181769722814499
platinum_microbisporicin.fasta,RiPP,Median,0.617807968807116
platinum_microcin_B17.fasta,RiPP,Median,0.704495433036206
platinum_microcin_J25.fasta,RiPP,Median,1
platinum_microcyclamide.fasta,RiPP,Median,0.134146341463415
platinum_microcystin.fasta,nonribosomal peptide|type 1 polyketide,Median,0.249434389140271
platinum_micropeptin.fasta,nonribosomal peptide,Median,0.282456140350877
platinum_microsclerodermin.fasta,nonribosomal peptide|type 1 polyketide,Median,0.203396806828275
platinum_microviridin_B.fasta,RiPP,Median,0.734913793103448
platinum_microviridin_K.fasta,RiPP,Median,0.48288961038961
platinum_midecamycin.fasta,type 1 polyketide,Median,0.236109396221756
platinum_migrastatin.fasta,type 1 polyketide,Median,0.227391098484848
platinum_mirubactin.fasta,nonribosomal peptide,Median,0.401785714285714
platinum_misakinolide.fasta,type 1 polyketide,Median,0.343450028232637
platinum_mithramycin.fasta,type 2 polyketide,Median,0.262376237623762
platinum_monensin.fasta,type 1 polyketide,Median,0.157894736842105
platinum_mupirocin.fasta,homoserine lactone|type 1 polyketide,Median,0.128010878010878
platinum_muraymycin.fasta,nucleoside|RiPP|nonribosomal peptide,Median,0.287062101910828
platinum_mutacin_I.fasta,RiPP,Median,0.349036259076953
platinum_mutacin_III.fasta,RiPP,Median,0.629007121243146
platinum_mycinamicin.fasta,type 1 polyketide,Median,0.214723926380368
platinum_mycobactin.fasta,nonribosomal peptide|type 1 polyketide,Median,0.106951871657754
platinum_mycolactone.fasta,type 1 polyketide,Median,0.160493827160494
platinum_mycosubtilin.fasta,nonribosomal peptide|type 1 polyketide,Median,0.203066538578218
platinum_mycotrienin.fasta,nonribosomal peptide|type 1 polyketide,Median,0.179059145923727
platinum_myxalamid.fasta,nonribosomal peptide|type 1 polyketide,Median,0.174757281553398
platinum_myxoprincomide.fasta,nonribosomal peptide|type 1 polyketide,Median,0.206624850966772
platinum_myxothiazol.fasta,nonribosomal peptide|type 1 polyketide,Median,0.391409558378705
platinum_myxovirescin.fasta,nonribosomal peptide|type 1 polyketide,Median,0.105882352941176
platinum_nanchangmycin.fasta,nonribosomal peptide|type 1 polyketide,Median,0.229643707638762
platinum_naphthocyclinone.fasta,type 2 polyketide,Median,0.170212765957447
platinum_naphthomycin.fasta,nonribosomal peptide|type 1 polyketide,Median,0.104683195592287
platinum_naphthyridinomycin.fasta,nonribosomal peptide,Median,0.60952380952381
platinum_napsamycin.fasta,nucleoside|nonribosomal peptide,Median,0.225353900844284
platinum_natamycin.fasta,nonribosomal peptide|type 1 polyketide,Median,0.199688029718325
platinum_nataxazole.fasta,nonribosomal peptide|type 1 polyketide,Median,0.11864406779661
platinum_nemadectin.fasta,type 1 polyketide,Median,0.21264367816092
platinum_neoantimycin.fasta,nonribosomal peptide|type 1 polyketide,Median,0.34375
platinum_neoaureothin.fasta,type 1 polyketide,Median,0.101449275362319
platinum_neocarzilin.fasta,type 1 polyketide,Median,0.142857142857143
platinum_neocarzinostatin.fasta,butyrolactone|nonribosomal peptide|type 1 polyketide,Median,0.078014184397163
platinum_neomycin.fasta,aminoglycoside,Median,0.41304347826087
platinum_niddamycin.fasta,type 1 polyketide,Median,0.08974358974359
platinum_nigericin.fasta,type 1 polyketide,Median,0.175444596443228
platinum_nisin.fasta,RiPP,Median,0.524266912953129
platinum_nisin_U.fasta,RiPP,Median,0.602409638554217
platinum_nisin_Z.fasta,RiPP,Median,0.539549284984678
platinum_nisin_q.fasta,RiPP,Median,0.545710328452711
platinum_nocardicin_A.fasta,beta-lactam|nonribosomal peptide,Median,0.19672131147541
platinum_nocardiopsin.fasta,nonribosomal peptide|type 1 polyketide,Median,0.237179487179487
platinum_nocathiacin.fasta,RiPP,Median,0.36551724137931
platinum_nodularin.fasta,nonribosomal peptide|type 1 polyketide,Median,0.232171708730291
platinum_nogalamycin.fasta,type 2 polyketide,Median,0.281767955801105
platinum_nosiheptide.fasta,RiPP,Median,0.566888806614834
platinum_nosperin.fasta,nonribosomal peptide|type 1 polyketide,Median,0.301470588235294
platinum_nostocyclopeptide.fasta,nonribosomal peptide,Median,0.491218934911243
platinum_nostopeptolide.fasta,nonribosomal peptide|type 1 polyketide,Median,0.632258064516129
platinum_nostophycin.fasta,nonribosomal peptide|type 1 polyketide,Median,0.410404624277457
platinum_novobiocin.fasta,aminocoumarin,Median,0.411560533135876
platinum_nukacin_ISK-1.fasta,RiPP,Median,0.657858328721638
platinum_nystatin.fasta,type 1 polyketide,Median,0.238807055828332
platinum_octacosamicin.fasta,nonribosomal peptide|type 1 polyketide,Median,0.135275900900901
platinum_oligomycin.fasta,type 1 polyketide,Median,0.240348714336034
platinum_onnamide.fasta,nonribosomal peptide|type 1 polyketide,Median,0.102565478746243
platinum_oocydin.fasta,type 1 polyketide,Median,0.149659863945578
platinum_orfamide.fasta,nonribosomal peptide,Median,0.489677276746242
platinum_oviedomycin.fasta,type 2 polyketide,Median,0.155555555555556
platinum_oxazolomycin.fasta,nonribosomal peptide|type 1 polyketide,Median,0.125686813186813
platinum_oxytetracycline.fasta,type 2 polyketide,Median,0.132743362831858
platinum_pacidamycin.fasta,nucleoside|nonribosomal peptide,Median,0.332316149417825
platinum_paenibacillin.fasta,RiPP,Median,0.590492807101984
platinum_paenibacterin.fasta,nonribosomal peptide,Median,0.52940188172043
platinum_paenibactin.fasta,nonribosomal peptide,Median,0.363636363636364
platinum_paenicidin_A.fasta,RiPP,Median,0.500728862973761
platinum_paenicidin_B.fasta,RiPP,Median,0.471545446848144
platinum_paenilamicin.fasta,nonribosomal peptide|type 1 polyketide,Median,0.11264433447532
platinum_paenilarvin.fasta,nonribosomal peptide|type 1 polyketide,Median,0.227027027027027
platinum_paromomycin.fasta,aminoglycoside,Median,0.327299776841061
platinum_patellamide.fasta,RiPP,Median,0.195266272189349
platinum_patellin.fasta,RiPP,Median,0.208588957055215
platinum_pederin.fasta,nonribosomal peptide|type 1 polyketide,Median,0.160646714826281
platinum_pelgipeptin.fasta,nonribosomal peptide,Median,0.157575757575758
platinum_pellasoren.fasta,nonribosomal peptide|type 1 polyketide,Median,0.186440677966102
platinum_pendolmycin.fasta,nonribosomal peptide,Median,0.099236641221374
platinum_pep5.fasta,RiPP,Median,0.46808604815864
platinum_phenylnannolone.fasta,nonribosomal peptide|type 1 polyketide,Median,0.08695652173913
platinum_phoslactomycin.fasta,type 1 polyketide,Median,0.202909205482329
platinum_piericidin_A1.fasta,type 1 polyketide|other,Median,0.179261237205162
platinum_pikromycin.fasta,type 1 polyketide,Median,0.250984251968504
platinum_pimaricin.fasta,nonribosomal peptide|type 1 polyketide,Median,0.199688029718325
platinum_pinensin.fasta,RiPP,Median,0.610236220472441
platinum_piricyclamide.fasta,RiPP,Median,0.728813559322034
platinum_pladienolide.fasta,type 1 polyketide,Median,0.231884057971014
platinum_planosporicin.fasta,RiPP,Median,0.574653677826941
platinum_plantazolicin.fasta,RiPP,Median,0.557310615247797
platinum_platensimycin-platencin.fasta,phosphonate,Median,0.138613861386139
platinum_plipastatin.fasta,nonribosomal peptide,Median,0.48
platinum_polyketomycin.fasta,nonribosomal peptide|type 1 polyketide|type 2 polyketide,Median,0.190826330532213
platinum_polymyxin.fasta,nonribosomal peptide,Median,0.414285714285714
platinum_polyoxypeptin.fasta,nonribosomal peptide|type 1 polyketide,Median,0.124138587071407
platinum_polytheonamids.fasta,RiPP,Median,0.640594254230618
platinum_porothramycin.fasta,lincoside|other,Median,0.269230769230769
platinum_pradimicin.fasta,type 2 polyketide,Median,0.292397660818713
platinum_prenylagaramide.fasta,RiPP,Median,0.353923640258199
platinum_pristinamycin.fasta,nonribosomal peptide|type 1 polyketide|type 2 polyketide,Median,0.1964072543618
platinum_prochlorisin_1.fasta,RiPP|RiPP,Median,0.332041343669251
platinum_prochlorisin_2.fasta,RiPP|RiPP,Median,0.364265462564318
platinum_prochlorisin_3.fasta,RiPP|RiPP|RiPP,Median,0.398963730569948
platinum_prochlorisin_4.fasta,RiPP|RiPP|RiPP,Median,0.287635088733871
platinum_prodigiosin.fasta,nonribosomal peptide|type 1 polyketide,Median,0.129032258064516
platinum_promysalin.fasta,nonribosomal peptide,Median,0.263157894736842
platinum_psymberin.fasta,nonribosomal peptide|type 1 polyketide,Median,0.191210000786225
platinum_putisolvin.fasta,nonribosomal peptide,Median,0.608391608391608
platinum_puwainaphycin.fasta,nonribosomal peptide|type 1 polyketide,Median,0.132196763047827
platinum_pyochelin.fasta,nonribosomal peptide,Median,0.407894736842105
platinum_pyoluteorin.fasta,nonribosomal peptide|type 1 polyketide,Median,0.138461538461538
platinum_pyoverdin.fasta,nonribosomal peptide,Median,0.145374449339207
platinum_pyralomicin.fasta,nonribosomal peptide|type 1 polyketide,Median,0.137096774193548
platinum_pyranonigrin.fasta,type 1 polyketide,Median,0.044776119402985
platinum_pyridomycin.fasta,nonribosomal peptide|type 1 polyketide,Median,0.225815850815851
platinum_pyrrolomycin.fasta,type 1 polyketide,Median,0.016949152542373
platinum_quartromycin.fasta,type 1 polyketide,Median,0.074468085106383
platinum_quinocarcin.fasta,nonribosomal peptide,Median,0.295238095238095
platinum_ramoplanin.fasta,nonribosomal peptide,Median,0.40893470790378
platinum_rapamycin.fasta,nonribosomal peptide|type 1 polyketide,Median,0.235436893203884
platinum_ravidomycin.fasta,type 2 polyketide,Median,0.218052495449756
platinum_rebeccamycin.fasta,bisindole,Median,0.534782608695652
platinum_reductasporine.fasta,bisindole,Median,1
platinum_resistomycin.fasta,type 2 polyketide,Median,0.144329896907216
platinum_respirantin.fasta,nonribosomal peptide|type 1 polyketide,Median,0.321428571428571
platinum_reutericyclin.fasta,nonribosomal peptide,Median,0.08955223880597
platinum_reveromycin.fasta,nonribosomal peptide|type 1 polyketide,Median,0.151292209017167
platinum_rhabdopeptide.fasta,nonribosomal peptide,Median,0.311111111111111
platinum_rhizocticin.fasta,phosphonate,Median,0.691970001829157
platinum_rhizopodin.fasta,nonribosomal peptide|type 1 polyketide,Median,0.283236994219653
platinum_rhizoxin.fasta,nonribosomal peptide|type 1 polyketide,Median,0.418052109181141
platinum_rhodochelin.fasta,nonribosomal peptide,Median,0.418367346938776
platinum_ribostamycin.fasta,aminoglycoside|nonribosomal peptide|type 1 polyketide,Median,0.393048128342246
platinum_rifamycin.fasta,nonribosomal peptide|type 1 polyketide,Median,0.139106345443519
platinum_rimocidin.fasta,nonribosomal peptide|type 1 polyketide,Median,0.157657200811359
platinum_rishirilide_B.fasta,type 2 polyketide,Median,0.168224299065421
platinum_ristocetin.fasta,nonribosomal peptide,Median,0.493990353614815
platinum_rosamicin.fasta,type 1 polyketide,Median,0.260416666666667
platinum_rubradirin.fasta,aminocoumarin|nonribosomal peptide|type 1 polyketide,Median,0.150684931506849
platinum_rubrinomycin.fasta,type 2 polyketide,Median,0.152671755725191
platinum_rubrivinodin.fasta,RiPP,Median,0.916666666666667
platinum_ruminococcin.fasta,RiPP,Median,0.452116402116402
platinum_safracin.fasta,nonribosomal peptide,Median,0.657632933104631
platinum_saframycin.fasta,melanin|nonribosomal peptide,Median,0.481341019417476
platinum_salinilactam.fasta,nonribosomal peptide|type 1 polyketide,Median,0.198484848484848
platinum_salinomycin.fasta,nonribosomal peptide|type 1 polyketide,Median,0.277519215852197
platinum_salinosporamide_A.fasta,nonribosomal peptide|type 1 polyketide,Median,0.078947368421053
platinum_salivaricin_9.fasta,RiPP,Median,0.875007748093969
platinum_salivaricin_A.fasta,RiPP,Median,0.607752421783844
platinum_salivaricin_DN.fasta,RiPP,Median,0.477183868236743
platinum_sanglifehrin_A.fasta,nonribosomal peptide|type 1 polyketide,Median,0.172794117647059
platinum_sansanmycin.fasta,nucleoside|nonribosomal peptide,Median,0.358393477679765
platinum_sapB.fasta,RiPP,Median,0.630541871921182
platinum_saquayamycin.fasta,type 2 polyketide,Median,0.201716738197425
platinum_scabichelin.fasta,nonribosomal peptide,Median,0.201149425287356
platinum_serobactin.fasta,nonribosomal peptide,Median,0.19047619047619
platinum_sessilin.fasta,nonribosomal peptide,Median,0.306365398901955
platinum_sevadicin.fasta,nonribosomal peptide,Median,0.555555555555556
platinum_simocyclinone.fasta,aminocoumarin|nonribosomal peptide|type 1 polyketide|type 2 polyketide,Median,0.173536608319217
platinum_siomycin.fasta,RiPP,Median,0.41751338111222
platinum_sisomicin.fasta,aminoglycoside,Median,0.183974358974359
platinum_skyllamycin.fasta,nonribosomal peptide|type 1 polyketide,Median,0.304800380228137
platinum_smb_ab.fasta,RiPP,Median,0.400949003067485
platinum_sorangicin.fasta,type 1 polyketide,Median,0.144859813084112
platinum_soraphen.fasta,type 1 polyketide,Median,0.100536672629696
platinum_sphaerimicin.fasta,nucleoside|type 1 polyketide,Median,0.28125
platinum_sphingonodin.fasta,RiPP,Median,1
platinum_spinosad.fasta,type 1 polyketide,Median,0.245245453464876
platinum_spirangien.fasta,type 1 polyketide,Median,0.151706942846183
platinum_spiruchostatin.fasta,nonribosomal peptide|type 1 polyketide,Median,0.162162162162162
platinum_sporulation_killing_factor.fasta,RiPP,Median,0.867825707427075
platinum_spumigin.fasta,nonribosomal peptide,Median,0.364571092831962
platinum_staphylococcin_C55.fasta,RiPP,Median,0.363752024057368
platinum_staurosporine.fasta,bisindole,Median,0.376984126984127
platinum_steffimycin.fasta,type 2 polyketide,Median,0.303703703703704
platinum_stenothricin.fasta,nonribosomal peptide,Median,0.226495726495726
platinum_stigmatellin.fasta,type 1 polyketide,Median,0.064748201438849
platinum_streptide.fasta,RiPP,Median,1
platinum_streptin.fasta,RiPP,Median,0.638984647913219
platinum_streptococcin_A-FF22.fasta,RiPP,Median,0.811791579921351
platinum_streptocollin.fasta,RiPP,Median,0.869565217391304
platinum_streptolydigin.fasta,nonribosomal peptide|type 1 polyketide,Median,0.141975308641975
platinum_streptomonomicin.fasta,RiPP,Median,1
platinum_streptomycin.fasta,aminoglycoside,Median,0.401709401709402
platinum_streptothricin.fasta,nonribosomal peptide,Median,0.131578947368421
platinum_sublancin_168.fasta,RiPP,Median,0.810812860175917
platinum_subtilin.fasta,RiPP,Median,0.593704971181556
platinum_subtilomycin.fasta,RiPP,Median,0.539589442815249
platinum_subtilosin.fasta,RiPP,Median,0.537667347401861
platinum_surfactin.fasta,nonribosomal peptide,Median,0.586805555555556
platinum_syringafactin.fasta,nonribosomal peptide,Median,0.131578947368421
platinum_syringolin.fasta,nonribosomal peptide|type 1 polyketide,Median,0.118654299983535
platinum_tallysomycin.fasta,nonribosomal peptide|type 1 polyketide,Median,0.206391225048131
platinum_taromycin.fasta,nonribosomal peptide,Median,0.386858414110917
platinum_tartrolon.fasta,type 1 polyketide,Median,0.116666666666667
platinum_tauramamide.fasta,nonribosomal peptide,Median,0.229885057471264
platinum_tautomycetin.fasta,type 1 polyketide,Median,0.183333333333333
platinum_tautomycin.fasta,type 1 polyketide,Median,0.1559180008978
platinum_teicoplanin.fasta,nonribosomal peptide,Median,0.278996865203762
platinum_teixobactin.fasta,nonribosomal peptide,Median,0.323085419734904
platinum_tenuecyclamide.fasta,RiPP,Median,0.106341220698806
platinum_tetarimycin.fasta,type 2 polyketide,Median,0.062888198757764
platinum_tetracenomyin.fasta,type 2 polyketide,Median,0.236363636363636
platinum_tetramycin.fasta,nonribosomal peptide|type 1 polyketide,Median,0.187457279562543
platinum_tetrocarin.fasta,type 1 polyketide,Median,0.177700348432056
platinum_tetronasin.fasta,nonribosomal peptide|type 1 polyketide,Median,0.135073136503481
platinum_tetronate_RK-682.fasta,nonribosomal peptide|type 1 polyketide,Median,0.236842105263158
platinum_tetronomycin.fasta,nonribosomal peptide|type 1 polyketide,Median,0.133666642158665
platinum_thailandamide.fasta,nonribosomal peptide|type 1 polyketide,Median,0.112244897959184
platinum_thailanstatin.fasta,nonribosomal peptide|type 1 polyketide,Median,0.111101033919826
platinum_thalassospiramide.fasta,nonribosomal peptide|type 1 polyketide,Median,0.266669825326132
platinum_thanamycin.fasta,nonribosomal peptide,Median,0.295652173913043
platinum_thienamycin.fasta,beta-lactam,Median,0.115288070762611
platinum_thiocillin.fasta,RiPP,Median,0.373271889400922
platinum_thiomarinol.fasta,nonribosomal peptide|type 1 polyketide,Median,0.13532196969697
platinum_thiomuracin.fasta,RiPP,Median,0.488917606516291
platinum_thiostrepton.fasta,RiPP,Median,0.427868077055384
platinum_thioviridaminde.fasta,RiPP,Median,0.767857142857143
platinum_thuggacin.fasta,nonribosomal peptide|type 1 polyketide,Median,0.216049382716049
platinum_thuricin_CD.fasta,RiPP,Median,0.549168152109329
platinum_tiacumicin.fasta,type 1 polyketide,Median,0.209386281588448
platinum_tirandamycin.fasta,nonribosomal peptide|type 1 polyketide,Median,0.381443298969072
platinum_tirandamycin_ver2.fasta,nonribosomal peptide|type 1 polyketide,Median,0.381443298969072
platinum_tobramycin.fasta,aminoglycoside,Median,0.194029850746269
platinum_tolaasin.fasta,nonribosomal peptide,Median,0.43642145266995
platinum_tomaymycin.fasta,lincoside|other,Median,0.331395348837209
platinum_tridecaptin.fasta,nonribosomal peptide,Median,0.408182503770739
platinum_trifolitoxin.fasta,RiPP,Median,1
platinum_triostin_A.fasta,nonribosomal peptide,Median,0.444289422452953
platinum_tubulysin.fasta,nonribosomal peptide|type 1 polyketide,Median,0.364197530864198
platinum_tylactone.fasta,type 1 polyketide,Median,0.127910052910053
platinum_tyrocydine.fasta,nonribosomal peptide,Median,0.505032783980152
platinum_urdamycin.fasta,type 2 polyketide,Median,0.247311827956989
platinum_valclavam.fasta,beta-lactam,Median,0.220013386880857
platinum_valinomycin.fasta,nonribosomal peptide,Median,0.532894736842105
platinum_vanchrobactin.fasta,nonribosomal peptide,Median,0.311111111111111
platinum_vancomycin.fasta,nonribosomal peptide,Median,0.543432480083584
platinum_variobactin.fasta,nonribosomal peptide|type 1 polyketide,Median,0.231950654081802
platinum_venezuelin.fasta,RiPP,Median,0.875776397515528
platinum_vibriobactin.fasta,nonribosomal peptide,Median,0.202247191011236
platinum_vincenistatin.fasta,nonribosomal peptide|type 1 polyketide,Median,0.208756575367314
platinum_viomycin.fasta,nonribosomal peptide,Median,0.18125
platinum_virginiamycin.fasta,nonribosomal peptide|type 1 polyketide,Median,0.18
platinum_viridisamide.fasta,RiPP,Median,0.54
platinum_vulnibactin.fasta,nonribosomal peptide,Median,0.166666666666667
platinum_xantholipin.fasta,type 2 polyketide,Median,0.157101131799927
platinum_xanthomonin.fasta,RiPP,Median,0.720205686630369
platinum_xenoamicin.fasta,nonribosomal peptide,Median,0.299937578027466
platinum_xenocoumacin.fasta,nonribosomal peptide|type 1 polyketide,Median,0.157119375385248
platinum_xenortide.fasta,nonribosomal peptide,Median,0.403703117581896
platinum_yanuthone_D.fasta,type 1 polyketide,Median,0.08433734939759
platinum_yersiniabactin.fasta,nonribosomal peptide|type 1 polyketide,Median,0.417582417582418
platinum_zorbamycin.fasta,nonribosomal peptide,Median,0.238967249272515
platinum_zwittermicin.fasta,nonribosomal peptide|type 1 polyketide,Median,0.082278481012658
potensibactin.fasta,nonribosomal peptide,Median,0.271690535727817
pyrrolizixenamide.FASTA,nonribosomal peptide,Median,0.333333333333333
retimycin.fasta,nonribosomal peptide,Median,0.256410256410256
streptoseomycin.fasta,type 1 polyketide,Median,0.110887096774194
streptovaricin.fasta,nonribosomal peptide|type 1 polyketide,Median,0.146014904635594
tiancimycin_BGC0001378.fasta,type 1 polyketide,Median,0.054347826086957
tilivalline.fasta,nonribosomal peptide,Median,0.16
titanium_chejuenolide.fasta,nonribosomal peptide|type 1 polyketide,Median,0.138297872340426
titanium_padanamide.fasta,RiPP|nonribosomal peptide|type 1 polyketide,Median,0.185900597293002
warkmycin.fasta,type 2 polyketide,Median,0.235517043592265
welwitindolinone.fasta,isonitrile alkaloid,Median,0.27
